Fuel_Type,Transmission,Clean_Price,Clean_Kilometers,Brand,Model,Car_Age,Km_per_Year
Petrol,Manual,172000,43518,Hyundai,Eon,11,3626.5
Petrol,Manual,239000,42678,Maruti,Wagon R 1.0,9,4267.8
CNG,Manual,164000,60214,Datsun,Redi Go,8,6690.444444444444
Petrol,Manual,520000,50912,Tata,NEXON,6,7273.142857142857
Petrol,Manual,250000,68431,Renault,Kwid,6,9775.857142857143
Petrol,Manual,291000,39097,Renault,TRIBER,6,5585.285714285715
Petrol,Manual,275000,45647,Hyundai,Elite i20,11,3803.9166666666665
Petrol,Manual,534000,46450,Maruti,Baleno,3,11612.5
Petrol,Manual,580000,72312,Maruti,Ertiga,7,9039.0
Petrol,Manual,304000,46736,Tata,Tiago,8,5192.888888888889
Petrol,Manual,375000,66353,Hyundai,Creta,11,5529.416666666667
Petrol,Manual,667000,63930,Toyota,Innova Crysta,10,5811.818181818182
Petrol,Manual,344000,72782,Honda,City,10,6616.545454545455
Petrol,Manual,599000,85834,KIA,SELTOS,6,12262.0
Petrol,Manual,745000,19275,Skoda,Kylaq,1,9637.5
Petrol,Missing Transmission,713000,68332,Hyundai,Verna,6,9761.714285714286
Petrol,Manual,545000,52591,Hyundai,VENUE,5,8765.166666666666
Petrol,Manual,707000,38638,MG,HECTOR,5,6439.666666666667
CNG,Missing Transmission,775000,79209,KIA,SELTOS,5,13201.5
Petrol,Missing Transmission,752000,72725,MG,HECTOR,6,10389.285714285714
Petrol,Manual,959000,55720,Maruti,Ertiga,4,11144.0
Petrol,Manual,227999,49255,Renault,Kwid,8,5472.777777777777
Petrol,Manual,498000,18232,Maruti,Swift,3,4558.0
Petrol,Manual,125000,45001,Renault,Kwid,9,4500.1
Petrol,Manual,172000,61347,Renault,Kwid,9,6134.7
Petrol,Manual,501999,59299,Maruti,Dzire,5,9883.166666666666
Petrol,Manual,475000,51093,Tata,NEXON,6,7299.0
Petrol,Manual,186000,86988,Renault,Kwid,9,8698.8
Petrol,Manual,335000,42304,Renault,TRIBER,6,6043.428571428572
Petrol,Manual,411000,57562,Tata,NEXON,7,7195.25
Petrol,Manual,295000,68082,Renault,TRIBER,6,9726.0
Petrol,Manual,905000,22378,Toyota,URBAN CRUISER HYRYDER,3,5594.5
Petrol,Manual,298000,66367,Honda,City,12,5105.153846153846
Petrol,Manual,444000,66173,Maruti,Swift,4,13234.6
Diesel,Manual,662000,44784,Hyundai,Creta,6,6397.714285714285
Petrol,Manual,371000,64673,Tata,ALTROZ,5,10778.833333333334
Diesel,Manual,474000,67349,Hyundai,Creta,11,5612.416666666667
Petrol,Missing Transmission,1022000,47201,Mahindra,Thar,4,9440.2
Petrol,Manual,264000,92236,Honda,Amaze,10,8385.09090909091
Petrol,Manual,365000,121569,Volkswagen,Polo,5,20261.5
Petrol,Manual,363000,50864,Nissan,MAGNITE,5,8477.333333333334
Petrol,Manual,152000,34061,Datsun,Redi Go,7,4257.625
Petrol,Manual,505000,61672,Maruti,Swift,4,12334.4
Petrol,Manual,390000,12837,Nissan,MAGNITE,4,2567.4
Petrol,Manual,101000,55446,Datsun,Redi Go,9,5544.6
Petrol,Manual,333000,96018,Renault,TRIBER,4,19203.6
Petrol,Manual,239000,104834,Ford,Ecosport,10,9530.363636363636
Petrol,Manual,154000,91133,Hyundai,Grand i10,11,7594.416666666667
CNG,Manual,360000,75061,Maruti,New Wagon-R,5,12510.166666666666
Petrol,Manual,185000,60363,Maruti,Wagon R 1.0,11,5030.25
Petrol,Missing Transmission,380000,75238,Honda,City,9,7523.8
Petrol,Manual,370000,23803,Tata,Tiago,5,3967.1666666666665
CNG,Manual,185000,66646,Maruti,Celerio,12,5126.615384615385
CNG,Manual,190000,110606,Maruti,Alto K10,10,10055.09090909091
Petrol,Manual,538000,67539,Hyundai,Creta,8,7504.333333333333
Petrol,Manual,849000,75156,Mahindra,Thar,5,12526.0
Petrol,Missing Transmission,745000,59718,Skoda,KUSHAQ,5,9953.0
Petrol,Manual,423000,38115,Maruti,Swift,4,7623.0
CNG,Manual,398000,49591,Tata,Tiago,3,12397.75
Petrol,Manual,395000,15729,Maruti,Swift,8,1747.6666666666667
Petrol,Manual,368000,43581,Hyundai,Elite i20,9,4358.1
Petrol,Manual,272000,96012,Hyundai,Grand i10,9,9601.2
Petrol,Manual,305000,41975,Hyundai,Elite i20,10,3815.909090909091
Diesel,Manual,852999,54557,Tata,Harrier,4,10911.4
Petrol,Manual,332000,42767,Tata,NEXON,8,4751.888888888889
Petrol,Manual,229999,69872,Maruti,Ciaz,12,5374.7692307692305
Petrol,Manual,260000,86606,Maruti,Swift,9,8660.6
Petrol,Manual,320000,77678,Hyundai,Verna,11,6473.166666666667
Petrol,Manual,1376000,67894,Toyota,Innova Crysta,4,13578.8
Petrol,Missing Transmission,784000,34617,MG,HECTOR,6,4945.285714285715
Petrol,Manual,293000,61665,Ford,Ecosport,9,6166.5
Petrol,Manual,330000,59675,Maruti,Swift,8,6630.555555555556
Petrol,Manual,442000,33170,Maruti,Swift,2,11056.666666666666
Petrol,Manual,165000,41994,Renault,Kwid,8,4666.0
Petrol,Missing Transmission,291000,77769,Maruti,New Wagon-R,7,9721.125
Petrol,Manual,238000,84536,Hyundai,Elite i20,12,6502.7692307692305
Petrol,Manual,367000,53477,Honda,City,9,5347.7
Petrol,Manual,629000,69168,Hyundai,Creta,7,8646.0
Petrol,Manual,361000,71660,Ford,Ecosport,8,7962.222222222223
Petrol,Missing Transmission,608000,61847,Jeep,Compass,8,6871.888888888889
Petrol,Manual,350000,57298,Maruti,Swift,7,7162.25
Petrol,Manual,227999,30605,Renault,Kwid,5,5100.833333333333
Petrol,Manual,400000,49813,Maruti,Baleno,9,4981.3
Petrol,Manual,349000,37056,Maruti,Ciaz,9,3705.6
CNG,Manual,188000,71023,Maruti,Wagon R 1.0,11,5918.583333333333
CNG,Manual,405000,86159,Maruti,New Wagon-R,4,17231.8
Petrol,Manual,422000,61660,Hyundai,Creta,9,6166.0
Petrol,Manual,735000,87032,MG,HECTOR,7,10879.0
Petrol,Manual,426000,17098,Renault,TRIBER,2,5699.333333333333
Petrol,Manual,206000,54895,Volkswagen,Polo,11,4574.583333333333
Petrol,Manual,382000,25491,Maruti,Swift,6,3641.5714285714284
Petrol,Missing Transmission,351000,13923,Renault,Kwid,4,2784.6
Petrol,Manual,221000,27837,Renault,Kwid,6,3976.714285714286
Petrol,Manual,380000,77848,Maruti,Baleno,8,8649.777777777777
CNG,Manual,236000,62267,Hyundai,Elite i20,11,5188.916666666667
CNG,Manual,260000,75765,Maruti,Wagon R 1.0,9,7576.5
Petrol,Manual,265000,71956,Hyundai,Grand i10,11,5996.333333333333
Petrol,Manual,299000,55608,Ford,Ecosport,10,5055.272727272727
CNG,Manual,318000,71407,Maruti,Swift,9,7140.7
Petrol,Manual,310000,28783,Maruti,Baleno,9,2878.3
Petrol,Manual,194000,53739,Maruti,Wagon R 1.0,10,4885.363636363636
Petrol,Manual,360000,47755,Honda,City,8,5306.111111111111
Petrol,Manual,557000,42245,Hyundai,VENUE,5,7040.833333333333
Petrol,Missing Transmission,366000,74341,Volkswagen,Polo,10,6758.272727272727
Diesel,Manual,2328000,35452,Tata,Safari,2,11817.333333333334
Petrol,Missing Transmission,890000,39182,Skoda,SLAVIA,4,7836.4
Petrol,Manual,472000,96997,Maruti,Vitara Brezza,5,16166.166666666666
Petrol,Missing Transmission,364000,56534,Maruti,Baleno,9,5653.4
Petrol,Manual,303000,51491,Hyundai,Elite i20,10,4681.0
CNG,Manual,180000,58922,Maruti,Wagon R 1.0,12,4532.461538461538
Petrol,Manual,306000,42836,Hyundai,Elite i20,11,3569.6666666666665
Petrol,Manual,340000,69932,Toyota,YARIS,8,7770.222222222223
Petrol,Manual,345000,50796,Maruti,Ciaz,10,4617.818181818182
Petrol,Manual,670000,93433,KIA,SELTOS,6,13347.57142857143
Petrol,Manual,152000,24800,Datsun,Redi Go,7,3100.0
Petrol,Missing Transmission,346000,54400,Volkswagen,Polo,11,4533.333333333333
Petrol,Manual,204000,39588,Maruti,Wagon R 1.0,11,3299.0
Petrol,Manual,336000,51998,Tata,Tiago,3,12999.5
Petrol,Missing Transmission,446000,109066,Toyota,YARIS,8,12118.444444444445
Petrol,Manual,263000,77669,Hyundai,Grand i10,10,7060.818181818182
Petrol,Manual,455999,52034,Ford,Ecosport,7,6504.25
Petrol,Manual,579000,73678,Skoda,KUSHAQ,4,14735.6
Petrol,Manual,369000,50718,Maruti,Swift,6,7245.428571428572
Petrol,Missing Transmission,399000,22106,Maruti,Baleno,8,2456.222222222222
Petrol,Manual,378000,64027,Hyundai,Elite i20,7,8003.375
Petrol,Manual,249000,53016,Hyundai,Elite i20,12,4078.153846153846
CNG,Missing Transmission,315000,55605,Tata,Tiago,8,6178.333333333333
Petrol,Manual,365000,49798,Maruti,Ciaz,11,4149.833333333333
Petrol,Missing Transmission,720000,58139,Hyundai,Creta,7,7267.375
Petrol,Manual,627000,30329,KIA,SELTOS,7,3791.125
Petrol,Manual,513999,63603,Ford,Ecosport,6,9086.142857142857
Petrol,Manual,343000,64177,Maruti,Swift,8,7130.777777777777
Petrol,Manual,306000,43297,Honda,City,12,3330.5384615384614
Petrol,Missing Transmission,1426000,21523,Mahindra,SCORPIO-N,3,5380.75
Petrol,Manual,509000,63827,Hyundai,VENUE,6,9118.142857142857
Petrol,Missing Transmission,741000,36156,MG,HECTOR,6,5165.142857142857
Petrol,Missing Transmission,264000,96653,Volkswagen,Polo,12,7434.846153846154
Petrol,Manual,265000,36206,Maruti,Swift,12,2785.076923076923
Petrol,Manual,316000,137493,Nissan,MAGNITE,4,27498.6
Petrol,Missing Transmission,454000,44956,Maruti,Swift,5,7492.666666666667
Petrol,Manual,140000,45459,Renault,Kwid,10,4132.636363636364
Petrol,Manual,320000,86118,Hyundai,Elite i20,8,9568.666666666666
Petrol,Manual,229000,80999,Maruti,Wagon R 1.0,8,8999.888888888889
Petrol,Manual,275000,59564,Tata,Tiago,8,6618.222222222223
Petrol,Manual,488999,64948,Mahindra,XUV300,7,8118.5
Petrol,Missing Transmission,491000,70067,Hyundai,Creta,9,7006.7
Petrol,Missing Transmission,1160000,53128,MG,HECTOR,3,13282.0
Petrol,Manual,520000,56499,Ford,Ecosport,7,7062.375
Petrol,Manual,484999,34276,Maruti,Baleno,2,11425.333333333334
Petrol,Manual,544000,28342,Toyota,Glanza,3,7085.5
Petrol,Manual,405000,50617,Tata,Tiago,3,12654.25
Petrol,Manual,825000,44341,KIA,SELTOS,2,14780.333333333334
Petrol,Missing Transmission,850000,53478,MG,HECTOR,5,8913.0
Petrol,Manual,223000,116023,Ford,Ecosport,11,9668.583333333334
Petrol,Manual,952999,58030,Volkswagen,VIRTUS,3,14507.5
Petrol,Manual,210000,67371,Maruti,Swift,11,5614.25
Petrol,Manual,238000,91334,Hyundai,Elite i20,11,7611.166666666667
Petrol,Manual,233000,60669,Hyundai,Elite i20,12,4666.846153846154
Petrol,Manual,345000,72694,Hyundai,Grand i10,7,9086.75
Petrol,Missing Transmission,381000,43017,Honda,City,11,3584.75
Petrol,Missing Transmission,827999,62273,MG,HECTOR,7,7784.125
Petrol,Missing Transmission,616000,118086,Jeep,Compass,6,16869.428571428572
Petrol,Manual,382000,71971,Maruti,Swift,8,7996.777777777777
Petrol,Missing Transmission,254999,40395,Maruti,Alto K10,8,4488.333333333333
Petrol,Manual,345000,32527,Hyundai,Elite i20,9,3252.7
Petrol,Manual,250999,63664,Hyundai,Grand i10,9,6366.4
CNG,Manual,417000,33279,Tata,Tiago,4,6655.8
Petrol,Manual,423000,11859,Tata,Tiago,2,3953.0
Petrol,Manual,799000,66297,Honda,City,4,13259.4
Petrol,Manual,461000,13069,Maruti,Swift,4,2613.8
CNG,Manual,296000,74329,Ford,Ecosport,10,6757.181818181818
Petrol,Manual,420000,64005,Hyundai,Elite i20,8,7111.666666666667
Petrol,Manual,310000,75953,Hyundai,Grand i10,7,9494.125
Diesel,Manual,933000,48427,MG,HECTOR,5,8071.166666666667
Petrol,Missing Transmission,240000,53835,Renault,Kwid,9,5383.5
Petrol,Missing Transmission,359000,78934,Hyundai,Elite i20,8,8770.444444444445
Petrol,Manual,323000,66378,Tata,NEXON,9,6637.8
Petrol,Missing Transmission,969999,55927,MG,HECTOR,4,11185.4
Petrol,Missing Transmission,580000,74118,KIA,SONET,6,10588.285714285714
Petrol,Manual,386000,70432,Maruti,Ertiga,11,5869.333333333333
Petrol,Missing Transmission,388000,87884,Maruti,Swift,8,9764.888888888889
Petrol,Manual,160000,46155,Renault,Kwid,9,4615.5
Petrol,Manual,447000,70814,Nissan,MAGNITE,3,17703.5
Petrol,Manual,387000,28953,Tata,NEXON,8,3217.0
Petrol,Manual,220000,82513,Toyota,Etios,9,8251.3
Petrol,Manual,1446000,39411,Mahindra,XUV700,2,13137.0
Petrol,Manual,320000,53471,Maruti,IGNIS,4,10694.2
CNG,Manual,409999,27203,Renault,Kwid,1,13601.5
Petrol,Manual,386000,110963,Honda,City,9,11096.3
Petrol,Manual,560000,16336,Hyundai,VENUE,5,2722.6666666666665
Petrol,Missing Transmission,1189000,53303,Toyota,URBAN CRUISER HYRYDER,3,13325.75
Diesel,Manual,940000,72016,MG,HECTOR,4,14403.2
Petrol,Manual,244000,59928,Hyundai,Grand i10,9,5992.8
Petrol,Missing Transmission,299000,69304,Maruti,Celerio,7,8663.0
Petrol,Manual,515000,66194,Maruti,Ciaz,4,13238.8
Petrol,Manual,296000,35595,Honda,City,12,2738.076923076923
Petrol,Manual,760000,54560,Maruti,Ertiga,5,9093.333333333334
Petrol,Manual,921000,29188,Volkswagen,VIRTUS,2,9729.333333333334
Petrol,Manual,335000,14061,Maruti,Dzire,9,1406.1
Petrol,Missing Transmission,325000,44705,Maruti,Celerio,6,6386.428571428572
Petrol,Missing Transmission,304000,65031,Hyundai,Grand i10,10,5911.909090909091
Petrol,Missing Transmission,341000,44275,Maruti,Ciaz,11,3689.5833333333335
Diesel,Manual,969000,37327,Hyundai,Creta,3,9331.75
Diesel,Missing Transmission,1156000,72509,Hyundai,Creta,3,18127.25
Petrol,Manual,355000,62254,Honda,Amaze,8,6917.111111111111
Petrol,Manual,137000,35191,Maruti,Alto 800,12,2707.0
Petrol,Manual,461000,73770,Hyundai,VENUE,4,14754.0
Petrol,Manual,352000,56617,Hyundai,Grand i10,9,5661.7
CNG,Manual,344000,84018,Toyota,Corolla Altis,12,6462.923076923077
Petrol,Missing Transmission,425000,66428,Ford,Ecosport,9,6642.8
Petrol,Manual,347000,43748,Renault,TRIBER,4,8749.6
Petrol,Missing Transmission,216000,75697,Maruti,Celerio,10,6881.545454545455
Petrol,Manual,197000,64960,Hyundai,Grand i10,11,5413.333333333333
Petrol,Manual,547000,60341,Tata,NEXON,4,12068.2
Petrol,Manual,657000,72661,Honda,City,3,18165.25
Petrol,Missing Transmission,815000,84782,MG,HECTOR,5,14130.333333333334
Petrol,Manual,330000,62760,Nissan,Kicks,7,7845.0
Petrol,Missing Transmission,422000,47908,Maruti,Celerio,4,9581.6
Petrol,Missing Transmission,1443000,63201,Mahindra,SCORPIO-N,4,12640.2
Petrol,Manual,322000,89191,Nissan,Kicks,7,11148.875
Petrol,Manual,483000,31650,Hyundai,VENUE,6,4521.428571428572
Petrol,Manual,378000,78680,Renault,TRIBER,7,9835.0
Petrol,Manual,513000,51460,Tata,NEXON,4,10292.0
Petrol,Manual,447000,50666,Tata,NEXON,5,8444.333333333334
Petrol,Manual,624000,42429,KIA,SONET,5,7071.5
Petrol,Missing Transmission,264000,69913,Hyundai,Grand i10,11,5826.083333333333
Petrol,Manual,566000,35126,Hyundai,VENUE,5,5854.333333333333
Petrol,Manual,525000,50263,Hyundai,VENUE,5,8377.166666666666
Petrol,Missing Transmission,495000,46174,Nissan,MAGNITE,4,9234.8
Petrol,Manual,185000,88112,Maruti,Celerio,11,7342.666666666667
Petrol,Manual,455000,38038,Maruti,IGNIS,4,7607.6
Petrol,Missing Transmission,295000,56890,Hyundai,Grand i10,8,6321.111111111111
Petrol,Missing Transmission,550000,45906,Tata,NEXON,5,7651.0
Petrol,Manual,724000,72949,Maruti,Grand Vitara,4,14589.8
Petrol,Manual,479000,15192,Renault,TRIBER,2,5064.0
Petrol,Manual,310000,67925,Renault,Kiger,4,13585.0
Petrol,Manual,214000,47077,Mahindra,Kuv100,9,4707.7
Petrol,Manual,172000,60552,Hyundai,Grand i10,11,5046.0
CNG,Manual,303000,72280,Maruti,Swift Dzire,11,6023.333333333333
Petrol,Manual,1249000,19587,MG,HECTOR PLUS,2,6529.0
Petrol,Missing Transmission,965000,5025,Maruti,Ciaz,1,2512.5
Petrol,Missing Transmission,243000,27601,Ford,Figo Aspire,11,2300.0833333333335
Petrol,Manual,351000,75369,Hyundai,Verna,10,6851.727272727273
Petrol,Manual,260000,25434,Hyundai,Grand i10,10,2312.181818181818
Petrol,Manual,484999,91882,Maruti,Ertiga,8,10209.111111111111
Petrol,Manual,275000,35689,Hyundai,Grand i10,10,3244.4545454545455
Petrol,Manual,192000,40077,Mahindra,Kuv100,9,4007.7
Petrol,Missing Transmission,618000,51264,Tata,NEXON,4,10252.8
Petrol,Manual,555000,43458,KIA,SONET,5,7243.0
Petrol,Manual,455999,21295,Ford,FREESTYLE,5,3549.1666666666665
Petrol,Manual,528000,71143,KIA,SONET,5,11857.166666666666
Petrol,Manual,259000,57110,Honda,Jazz,11,4759.166666666667
Petrol,Manual,308000,68575,Tata,TIAGO NRG,8,7619.444444444444
Petrol,Missing Transmission,761000,56120,Maruti,BREZZA,3,14030.0
Petrol,Manual,273000,39123,Hyundai,Grand i10,9,3912.3
CNG,Manual,574000,91247,Tata,NEXON,4,18249.4
CNG,Manual,245000,22314,Mahindra,Kuv100,10,2028.5454545454545
Petrol,Missing Transmission,940000,32671,MG,HECTOR PLUS,6,4667.285714285715
Hybrid,Missing Transmission,959000,89553,Toyota,Camry,9,8955.3
Petrol,Manual,240000,64495,Honda,Amaze,11,5374.583333333333
Petrol,Manual,157000,50786,Ford,Figo,12,3906.6153846153848
Petrol,Manual,434000,82015,Tata,NEXON,6,11716.42857142857
Petrol,Missing Transmission,320000,51370,Hyundai,NEW SANTRO,8,5707.777777777777
Petrol,Manual,533000,75203,Maruti,BREZZA,4,15040.6
Petrol,Manual,520000,15825,Maruti,Vitara Brezza,5,2637.5
CNG,Manual,190000,88515,Hyundai,Grand i10,12,6808.846153846154
CNG,Manual,545000,42759,Hyundai,AURA,3,10689.75
CNG,Manual,470000,89601,Hyundai,AURA,4,17920.2
Petrol,Manual,799000,27009,KIA,SONET,2,9003.0
Petrol,Missing Transmission,607000,34304,Tata,NEXON,5,5717.333333333333
Petrol,Manual,178000,68910,Honda,Amaze,11,5742.5
Petrol,Manual,270000,76929,Hyundai,i20 Active,11,6410.75
Petrol,Manual,495000,42772,Tata,ALTROZ,5,7128.666666666667
Petrol,Manual,587000,65753,Maruti,Vitara Brezza,4,13150.6
Petrol,Missing Transmission,254999,30270,Hyundai,Grand i10,11,2522.5
Petrol,Manual,511000,46295,KIA,SONET,6,6613.571428571428
Petrol,Missing Transmission,617000,125848,Maruti,XL6,7,15731.0
Petrol,Missing Transmission,699000,10437,Maruti,FRONX,3,2609.25
Petrol,Missing Transmission,617000,47305,Maruti,Vitara Brezza,4,9461.0
Petrol,Missing Transmission,285000,93379,Hyundai,Grand i10,10,8489.0
Petrol,Missing Transmission,447000,62248,Honda,City,9,6224.8
Petrol,Manual,430999,36131,Hyundai,AURA,2,12043.666666666666
CNG,Missing Transmission,772000,46394,Tata,NEXON,2,15464.666666666666
Petrol,Missing Transmission,583000,51345,KIA,SONET,5,8557.5
Petrol,Missing Transmission,819000,46199,Maruti,BREZZA,4,9239.8
Petrol,Manual,902999,21293,Mahindra,XUV 3XO,2,7097.666666666667
Petrol,Manual,227999,86219,Honda,Amaze,9,8621.9
Petrol,Manual,525000,47122,Hyundai,GRAND I10 NIOS,3,11780.5
Petrol,Manual,580000,2145,Maruti,S Cross,5,357.5
Petrol,Missing Transmission,654000,81425,Hyundai,Verna,7,10178.125
Petrol,Missing Transmission,530000,121970,Hyundai,NEW I20,4,24394.0
Petrol,Manual,250000,41290,Tata,TIGOR,9,4129.0
CNG,Manual,440000,82280,Hyundai,GRAND I10 NIOS,5,13713.333333333334
Petrol,Manual,194000,62582,Honda,Jazz,10,5689.272727272727
Petrol,Manual,606000,45550,Hyundai,EXTER,3,11387.5
CNG,Manual,386000,68693,Tata,TIGOR,4,13738.6
Petrol,Manual,612000,54682,MG,ASTOR,3,13670.5
Petrol,Missing Transmission,670000,87545,KIA,SONET,6,12506.42857142857
Petrol,Missing Transmission,446000,27300,Hyundai,GRAND I10 NIOS,5,4550.0
Petrol,Missing Transmission,1110000,44725,Honda,ELEVATE,3,11181.25
Petrol,Manual,405000,92863,Tata,ALTROZ,5,15477.166666666666
CNG,Missing Transmission,383000,113381,Honda,Amaze,8,12597.888888888889
Petrol,Missing Transmission,752000,73004,Honda,Civic,7,9125.5
Petrol,Missing Transmission,683000,23415,Hyundai,Verna,7,2926.875
Petrol,Manual,404000,88941,Honda,BR-V,10,8085.545454545455
Petrol,Manual,755000,21318,MG,ASTOR,2,7106.0
CNG,Manual,405000,71249,Tata,TIGOR,4,14249.8
Petrol,Missing Transmission,612000,34841,KIA,SONET,5,5806.833333333333
Diesel,Manual,903999,81434,Tata,Harrier,3,20358.5
Petrol,Manual,869999,47147,KIA,CARENS,2,15715.666666666666
Petrol,Missing Transmission,541000,61992,Tata,ALTROZ,2,20664.0
CNG,Missing Transmission,593000,12829,Honda,Amaze,3,3207.25
Petrol,Missing Transmission,584000,25655,Tata,ALTROZ,3,6413.75
Petrol,Missing Transmission,615000,26114,Hyundai,EXTER,3,6528.5
Petrol,Missing Transmission,928999,24466,MG,ASTOR,2,8155.333333333333
Petrol,Manual,973000,50236,Tata,Curvv,2,16745.333333333332
Petrol,Missing Transmission,826000,49289,MG,ASTOR,2,16429.666666666668
Petrol,Missing Transmission,1227000,5279,Honda,ELEVATE,2,1759.6666666666667
Petrol,Missing Transmission,417000,38726,Honda,Amaze,8,4302.888888888889
Petrol,Missing Transmission,863000,22658,MG,ASTOR,4,4531.6
Petrol,Manual,1030000,18581,Tata,Curvv,1,9290.5
Petrol,Missing Transmission,557000,40033,Tata,ALTROZ,2,13344.333333333334
Petrol,Missing Transmission,1075000,29193,Tata,Curvv,2,9731.0
Diesel,Missing Transmission,1280000,58699,Tata,Safari,3,14674.75
Petrol,Manual,235000,28201,Maruti,Wagon R 1.0,9,2820.1
Petrol,Manual,235000,58650,Hyundai,Grand i10,11,4887.5
Petrol,Manual,322000,16192,Hyundai,Grand i10,9,1619.2
Petrol,Manual,153000,21150,Maruti,Alto 800,13,1510.7142857142858
Petrol,Missing Transmission,375000,28328,Hyundai,Grand i10,8,3147.5555555555557
Petrol,Missing Transmission,245000,36113,Renault,Kwid,8,4012.5555555555557
Diesel,Missing Transmission,748000,79071,Hyundai,Creta,10,7188.272727272727
Petrol,Manual,346000,21314,Maruti,Swift Dzire,10,1937.6363636363637
Petrol,Manual,542000,53259,Honda,City,6,7608.428571428572
Petrol,Manual,849000,16357,Volkswagen,TAIGUN,3,4089.25
CNG,Manual,517000,49127,Hyundai,GRAND I10 NIOS,4,9825.4
Petrol,Manual,476999,35182,Maruti,Baleno,3,8795.5
Diesel,Manual,1000000,59702,Tata,Harrier,3,14925.5
CNG,Manual,455000,17821,Maruti,New Wagon-R,4,3564.2
Petrol,Manual,484999,57612,Maruti,Ciaz,8,6401.333333333333
Petrol,Manual,215000,27808,Maruti,Swift,14,1853.8666666666666
Petrol,Manual,150000,171165,Maruti,Swift,14,11411.0
CNG,Manual,161000,51707,Maruti,Wagon R 1.0,13,3693.3571428571427
Petrol,Manual,180000,63205,Maruti,Wagon R 1.0,11,5267.083333333333
Petrol,Manual,130000,54662,Honda,Brio,13,3904.4285714285716
Petrol,Manual,120000,84000,Renault,Kwid,10,7636.363636363636
Petrol,Manual,125000,85307,Renault,Kwid,10,7755.181818181818
Petrol,Manual,155000,147793,Maruti,Swift,14,9852.866666666667
CNG,Manual,190000,55608,Renault,Kwid,8,6178.666666666667
Petrol,Manual,250000,76466,Honda,Amaze,12,5882.0
Petrol,Manual,229999,52758,Maruti,Wagon R 1.0,11,4396.5
Petrol,Manual,175000,25469,Hyundai,i20,12,1959.1538461538462
Petrol,Manual,180000,35418,Maruti,Wagon R 1.0,12,2724.4615384615386
Petrol,Missing Transmission,215000,82533,Maruti,Celerio,10,7503.0
Petrol,Manual,225000,57614,Honda,Amaze,12,4431.846153846154
CNG,Manual,169000,134120,Maruti,Wagon R 1.0,11,11176.666666666666
CNG,Manual,122000,102843,Datsun,Redi Go,9,10284.3
Petrol,Manual,238000,116416,Maruti,Swift Dzire,11,9701.333333333334
Petrol,Manual,192000,102369,Maruti,Swift Dzire,11,8530.75
Petrol,Manual,123000,49229,Hyundai,i10,13,3516.3571428571427
Petrol,Missing Transmission,580000,91905,Hyundai,Verna,9,9190.5
Petrol,Manual,260000,38400,Hyundai,Grand i10,12,2953.846153846154
Petrol,Manual,130000,59462,Mahindra,Kuv100,10,5405.636363636364
CNG,Manual,130000,114665,Hyundai,i10,13,8190.357142857143
CNG,Manual,305000,47456,Maruti,Swift,10,4314.181818181818
Diesel,Manual,123000,121076,Mahindra,Kuv100,9,12107.6
Petrol,Manual,270000,101378,Maruti,Dzire,9,10137.8
CNG,Manual,335000,115791,Tata,NEXON,8,12865.666666666666
Petrol,Missing Transmission,400000,81304,Maruti,Dzire,8,9033.777777777777
Petrol,Manual,483000,54701,Honda,City,9,5470.1
Diesel,Missing Transmission,459999,139547,Hyundai,Verna,9,13954.7
Petrol,Manual,222000,59568,Renault,Kwid,7,7446.0
CNG,Manual,382000,117415,Maruti,Dzire,8,13046.111111111111
Petrol,Manual,140000,64125,Hyundai,Grand i10,13,4580.357142857143
CNG,Manual,780000,2966,Tata,PUNCH,1,1483.0
Petrol,Manual,370000,69095,Maruti,Swift,7,8636.875
CNG,Manual,292000,167386,Maruti,Celerio,8,18598.444444444445
CNG,Manual,140000,217876,Mahindra,Kuv100,10,19806.909090909092
Petrol,Manual,310000,73578,Maruti,Baleno,9,7357.8
CNG,Manual,370000,80949,Maruti,Swift,7,10118.625
Diesel,Manual,310000,92772,Maruti,Baleno,9,9277.2
CNG,Manual,520000,40093,Tata,Tiago,4,8018.6
CNG,Manual,320000,98081,Maruti,Swift,8,10897.888888888889
CNG,Manual,420000,59534,Maruti,New Wagon-R,5,9922.333333333334
Petrol,Manual,261000,60494,Hyundai,Grand i10,8,6721.555555555556
Petrol,Manual,131000,29499,Hyundai,Santro Xing,13,2107.0714285714284
Petrol,Manual,511000,27139,Maruti,Baleno,3,6784.75
Petrol,Manual,408000,102652,Maruti,Baleno,7,12831.5
Petrol,Manual,147000,75080,Datsun,Redi Go,10,6825.454545454545
Petrol,Manual,630000,46726,Tata,NEXON,4,9345.2
Petrol,Manual,280000,53441,Hyundai,Grand i10,11,4453.416666666667
CNG,Manual,830000,9523,Tata,PUNCH,1,4761.5
Petrol,Missing Transmission,690000,81505,Hyundai,Creta,7,10188.125
Petrol,Manual,494000,33272,Toyota,Corolla Altis,8,3696.8888888888887
Petrol,Manual,680000,30967,Tata,NEXON,5,5161.166666666667
CNG,Manual,150000,95417,Maruti,Wagon R 1.0,13,6815.5
CNG,Manual,85000,92326,Hyundai,i20,15,5770.375
Petrol,Manual,480000,73613,Maruti,Baleno,5,12268.833333333334
Petrol,Manual,450000,126013,Hyundai,Creta,10,11455.727272727272
Diesel,Manual,375000,30782,Mahindra,XUV500,10,2798.3636363636365
CNG,Manual,450000,76596,Hyundai,Elite i20,7,9574.5
CNG,Manual,227000,91537,Maruti,Ertiga,15,5721.0625
CNG,Manual,380000,102086,Maruti,New Wagon-R,6,14583.714285714286
Petrol,Manual,404000,116895,Hyundai,Elite i20,7,14611.875
CNG,Manual,424000,39659,Maruti,New Wagon-R,4,7931.8
CNG,Manual,170000,73687,Maruti,Wagon R 1.0,13,5263.357142857143
Petrol,Manual,225000,97477,Hyundai,Grand i10,12,7498.2307692307695
Petrol,Missing Transmission,1471000,50348,Toyota,Innova Crysta,5,8391.333333333334
Petrol,Missing Transmission,500000,48580,Skoda,Rapid,6,6940.0
Petrol,Manual,490000,52028,Maruti,Baleno,4,10405.6
Diesel,Manual,760000,142795,Tata,Harrier,7,17849.375
CNG,Manual,267000,84367,Honda,Amaze,10,7669.727272727273
Petrol,Manual,390000,78763,Ford,Ecosport,7,9845.375
Petrol,Manual,132000,50730,Maruti,Alto 800,13,3623.5714285714284
Petrol,Manual,170000,69869,Hyundai,Verna,15,4366.8125
CNG,Manual,171000,63132,Hyundai,XCENT PRIME,10,5739.272727272727
Petrol,Manual,290000,68168,Maruti,Alto,6,9738.285714285714
CNG,Manual,160000,164369,Maruti,Wagon R 1.0,12,12643.76923076923
Petrol,Manual,350000,30033,Maruti,Baleno,11,2502.75
Petrol,Manual,87000,63143,Maruti,Wagon R 1.0,15,3946.4375
Petrol,Manual,70000,70247,Maruti,Wagon R 1.0,14,4683.133333333333
Petrol,Manual,120000,73446,Maruti,Alto 800,13,5246.142857142857
CNG,Manual,175000,132475,Maruti,Wagon R 1.0,12,10190.384615384615
CNG,Manual,106000,79532,Hyundai,i10,14,5302.133333333333
Petrol,Manual,57999,100000,Chevrolet,Spark,15,6250.0
Petrol,Manual,700000,28695,Maruti,Vitara Brezza,6,4099.285714285715
Petrol,Manual,490000,119850,Toyota,Glanza,5,19975.0
Petrol,Manual,225000,77451,Hyundai,Grand i10,12,5957.7692307692305
CNG,Manual,185000,85703,Maruti,Wagon R 1.0,12,6592.538461538462
Petrol,Manual,560000,10913,Toyota,Glanza,4,2182.6
Petrol,Manual,620000,18807,Toyota,Glanza,2,6269.0
Petrol,Manual,108000,49386,Maruti,Ritz,14,3292.4
Petrol,Manual,70000,37159,Chevrolet,Beat,15,2322.4375
Petrol,Manual,103000,36099,Maruti,Alto K10,14,2406.6
CNG,Manual,125000,44507,Maruti,Wagon R 1.0,14,2967.133333333333
Petrol,Manual,145000,44801,Maruti,Wagon R 1.0,13,3200.0714285714284
Petrol,Manual,1010000,23830,Hyundai,Creta,4,4766.0
CNG,Manual,330000,46681,Maruti,Baleno,7,5835.125
Diesel,Missing Transmission,1300000,43048,Tata,Harrier,5,7174.666666666667
Petrol,Manual,74000,83335,Hyundai,i20,15,5208.4375
Diesel,Manual,140000,78807,Chevrolet,Beat,10,7164.272727272727
CNG,Manual,351000,57076,Maruti,S PRESSO,4,11415.2
Petrol,Manual,225000,94889,Maruti,Wagon R 1.0,11,7907.416666666667
Petrol,Manual,120000,60112,Maruti,Alto 800,13,4293.714285714285
Petrol,Manual,210000,125613,Hyundai,Grand i10,12,9662.538461538461
Petrol,Manual,350000,29455,Maruti,IGNIS,8,3272.777777777778
CNG,Manual,261000,52581,Maruti,Alto,6,7511.571428571428
Petrol,Missing Transmission,148000,44691,Skoda,Superb,15,2793.1875
Petrol,Manual,100000,102252,Toyota,Etios Liva,15,6390.75
Petrol,Manual,125000,152243,Honda,City,15,9515.1875
Diesel,Manual,1220000,53313,Mahindra,Thar,2,17771.0
Petrol,Manual,712000,5313,Tata,ALTROZ,3,1328.25
Petrol,Manual,113999,148301,Maruti,Wagon R 1.0,14,9886.733333333334
CNG,Manual,78000,130656,Hyundai,Santro Xing,15,8166.0
Petrol,Manual,135000,55118,Maruti,Alto 800,13,3937.0
Petrol,Manual,625000,4372,Hyundai,EXTER,2,1457.3333333333333
Petrol,Manual,114999,9791,Honda,Brio,14,652.7333333333333
Diesel,Manual,3520000,20580,Toyota,Fortuner,2,6860.0
CNG,Manual,135000,30719,Maruti,Alto 800,13,2194.214285714286
CNG,Manual,110000,69810,Maruti,Swift,14,4654.0
CNG,Manual,127000,133784,Maruti,Wagon R 1.0,13,9556.0
Petrol,Manual,112000,43302,Renault,Kwid,10,3936.5454545454545
CNG,Manual,60000,186559,Hyundai,Santro Xing,15,11659.9375
CNG,Manual,520000,109725,Maruti,Ertiga,9,10972.5
Petrol,Manual,210000,116387,Maruti,Swift,14,7759.133333333333
Petrol,Missing Transmission,1630000,41297,Mahindra,XUV700,5,6882.833333333333
Petrol,Manual,500000,10730,Maruti,Baleno,2,3576.6666666666665
Petrol,Manual,130000,87845,Maruti,Swift,14,5856.333333333333
Petrol,Manual,148000,56653,Maruti,Alto 800,13,4046.6428571428573
Petrol,Manual,350000,70391,Maruti,Baleno,6,10055.857142857143
CNG,Missing Transmission,605000,49587,Toyota,Glanza,4,9917.4
Petrol,Manual,193000,57084,Maruti,Swift,13,4077.4285714285716
Petrol,Missing Transmission,1340000,21452,Hyundai,Creta,4,4290.4
Diesel,Missing Transmission,2280000,34615,Mahindra,SCORPIO-N,2,11538.333333333334
Petrol,Manual,1090000,16402,Volkswagen,VIRTUS,2,5467.333333333333
CNG,Manual,183000,30175,Maruti,Wagon R 1.0,13,2155.3571428571427
Petrol,Manual,100000,75938,Maruti,Alto 800,13,5424.142857142857
Diesel,Manual,1290000,29361,Tata,Harrier,6,4194.428571428572
Diesel,Manual,750000,93966,Hyundai,VENUE,5,15661.0
Petrol,Manual,509999,97627,Maruti,Ertiga,8,10847.444444444445
Petrol,Manual,380000,87096,Tata,NEXON,6,12442.285714285714
Petrol,Manual,165000,30620,Hyundai,i10,13,2187.1428571428573
Petrol,Manual,275000,144581,Maruti,Swift Dzire,12,11121.615384615385
Diesel,Manual,400000,45684,Renault,Duster,9,4568.4
Petrol,Manual,400000,73632,Renault,Kiger,5,12272.0
CNG,Missing Transmission,360000,72960,Tata,NEXON,7,9120.0
Petrol,Manual,1060000,47173,Hyundai,Verna,3,11793.25
CNG,Manual,300000,82435,Maruti,Baleno,9,8243.5
Petrol,Manual,175000,146937,Maruti,Swift,14,9795.8
CNG,Manual,139000,83931,Renault,Kwid,10,7630.090909090909
Petrol,Manual,484999,32308,Honda,City,7,4038.5
Petrol,Manual,127000,64108,Hyundai,Eon,11,5342.333333333333
Petrol,Missing Transmission,790000,56152,Honda,City,5,9358.666666666666
CNG,Manual,184000,128887,Maruti,Wagon R 1.0,13,9206.214285714286
Petrol,Manual,197000,72000,Hyundai,i20,13,5142.857142857143
Petrol,Manual,229999,41000,Maruti,Swift,10,3727.2727272727275
CNG,Manual,299000,95273,Ford,FREESTYLE,8,10585.888888888889
Petrol,Manual,150000,80119,Renault,Kwid,10,7283.545454545455
Petrol,Manual,630000,22812,Renault,Kiger,2,7604.0
CNG,Manual,350000,88132,Honda,WR-V,8,9792.444444444445
Petrol,Manual,135000,95840,Maruti,Alto K10,13,6845.714285714285
Petrol,Manual,122000,33172,Renault,Kwid,10,3015.6363636363635
CNG,Manual,135000,189385,Maruti,Wagon R 1.0,13,13527.5
Petrol,Manual,580000,158798,Hyundai,Creta,10,14436.181818181818
CNG,Manual,250000,91000,Toyota,Etios Liva,13,6500.0
Petrol,Manual,110000,109574,Maruti,Alto 800,13,7826.714285714285
Petrol,Manual,430000,29957,Hyundai,NEW I20,5,4992.833333333333
Petrol,Manual,213000,90945,Mahindra,Kuv100,10,8267.727272727272
Petrol,Manual,170000,94412,Maruti,Wagon R 1.0,12,7262.461538461538
CNG,Manual,145000,81227,Maruti,Wagon R 1.0,12,6248.2307692307695
Diesel,Manual,262000,71473,Mahindra,TUV300,9,7147.3
Petrol,Missing Transmission,260000,55064,Maruti,Celerio,12,4235.692307692308
CNG,Manual,287000,118767,Maruti,Baleno,9,11876.7
Petrol,Manual,220000,50000,Hyundai,i20,13,3571.4285714285716
Diesel,Manual,210000,71869,Ford,New Figo,10,6533.545454545455
Petrol,Manual,180000,34643,Maruti,Ritz,12,2664.846153846154
Diesel,Manual,340000,76723,Maruti,Swift,10,6974.818181818182
Petrol,Manual,265000,73615,Honda,Amaze,12,5662.692307692308
Petrol,Manual,240000,67927,Maruti,Swift Dzire,13,4851.928571428572
Petrol,Manual,300000,92219,Maruti,Swift,11,7684.916666666667
Petrol,Manual,416000,78553,Maruti,Baleno,4,15710.6
CNG,Manual,161000,87084,Maruti,Wagon R 1.0,12,6698.7692307692305
CNG,Manual,180000,100992,Maruti,Wagon R 1.0,12,7768.615384615385
CNG,Manual,280000,62424,Maruti,Alto,6,8917.714285714286
Petrol,Manual,189000,58526,Maruti,Wagon R 1.0,13,4180.428571428572
Petrol,Manual,160000,25183,Hyundai,Eon,11,2098.5833333333335
CNG,Manual,140000,138617,Hyundai,i10,13,9901.214285714286
CNG,Manual,140000,97545,Maruti,Wagon R 1.0,11,8128.75
CNG,Manual,146000,183852,Maruti,Wagon R 1.0,13,13132.285714285714
CNG,Missing Transmission,199000,99584,Maruti,Celerio,11,8298.666666666666
CNG,Manual,330000,98400,Maruti,Dzire,9,9840.0
CNG,Manual,145000,185459,Maruti,Wagon R 1.0,13,13247.07142857143
Petrol,Manual,200000,33801,Maruti,Wagon R 1.0,11,2816.75
CNG,Manual,400000,34472,Maruti,Dzire,6,4924.571428571428
Petrol,Manual,150000,63443,Hyundai,i10,12,4880.2307692307695
CNG,Manual,175000,145843,Maruti,Wagon R 1.0,10,13258.454545454546
Diesel,Manual,260000,156173,Hyundai,Elite i20,10,14197.545454545454
CNG,Manual,165000,44176,Maruti,Wagon R 1.0,12,3398.153846153846
Petrol,Manual,310000,56377,Toyota,Etios,9,5637.7
Petrol,Manual,130000,81079,Volkswagen,Polo,14,5405.266666666666
Petrol,Manual,200000,61629,Maruti,Wagon R 1.0,10,5602.636363636364
CNG,Manual,180000,129978,Maruti,Wagon R 1.0,12,9998.307692307691
Diesel,Manual,850000,32946,Mahindra,BOLERO NEO,2,10982.0
Petrol,Manual,214000,91604,Honda,Amaze,11,7633.666666666667
Petrol,Manual,280000,56605,Maruti,Ertiga,13,4043.214285714286
Petrol,Manual,950000,24974,Honda,City,4,4994.8
CNG,Manual,130000,83293,Hyundai,i10,12,6407.153846153846
CNG,Manual,150000,71205,Hyundai,i10,13,5086.071428571428
CNG,Manual,129000,68354,Datsun,Redi Go,8,7594.888888888889
Petrol,Manual,528000,11414,Renault,TRIBER,1,5707.0
Petrol,Manual,856000,67268,KIA,SELTOS,4,13453.6
Petrol,Manual,888000,75365,Skoda,SLAVIA,4,15073.0
CNG,Manual,270000,138119,Maruti,Swift Dzire,11,11509.916666666666
CNG,Manual,189000,338648,Maruti,Wagon R 1.0,10,30786.18181818182
Petrol,Manual,1000000,78000,KIA,SELTOS,4,15600.0
CNG,Manual,200000,101345,Maruti,Swift,12,7795.7692307692305
CNG,Manual,263000,76040,Hyundai,NEW SANTRO,7,9505.0
Petrol,Manual,840000,18768,KIA,SONET,1,9384.0
Petrol,Missing Transmission,212000,52883,Renault,Kwid,8,5875.888888888889
CNG,Manual,170000,85453,Maruti,Wagon R 1.0,11,7121.083333333333
Petrol,Manual,760000,17737,Hyundai,VENUE,3,4434.25
Petrol,Manual,200000,80364,Hyundai,i20,13,5740.285714285715
Petrol,Manual,134000,30330,Hyundai,i10,13,2166.4285714285716
Petrol,Manual,190000,62949,Maruti,Wagon R 1.0,12,4842.2307692307695
Petrol,Manual,119000,51748,Hyundai,Eon,11,4312.333333333333
CNG,Manual,135000,128718,Maruti,Wagon R 1.0,11,10726.5
Petrol,Manual,355000,37720,Honda,WR-V,7,4715.0
CNG,Manual,114999,25290,Maruti,Alto 800,13,1806.4285714285713
Petrol,Manual,137000,108560,Hyundai,i10,13,7754.285714285715
Petrol,Manual,125000,38484,Maruti,Wagon R 1.0,12,2960.3076923076924
Petrol,Manual,300000,88632,Honda,City,9,8863.2
Petrol,Manual,670000,12466,Maruti,Swift,1,6233.0
CNG,Manual,290000,201878,Maruti,Swift Dzire,10,18352.545454545456
CNG,Manual,170000,56374,Maruti,Alto 800,9,5637.4
Petrol,Manual,390000,80185,Tata,Tiago,5,13364.166666666666
CNG,Manual,590000,97468,Tata,TIGOR,4,19493.6
CNG,Manual,880000,19544,Maruti,BREZZA,2,6514.666666666667
CNG,Manual,170000,82877,Hyundai,i10,12,6375.153846153846
Petrol,Manual,225000,146000,Hyundai,Xcent,12,11230.76923076923
CNG,Manual,198000,98269,Maruti,Swift Dzire,11,8189.083333333333
CNG,Manual,147000,95412,Maruti,Alto K10,12,7339.384615384615
CNG,Manual,235000,92131,Maruti,Wagon R 1.0,10,8375.545454545454
Petrol,Manual,170000,82214,Maruti,Wagon R 1.0,11,6851.166666666667
Petrol,Manual,330000,40327,Renault,Kiger,5,6721.166666666667
CNG,Manual,137000,80823,Hyundai,i10,13,5773.071428571428
Petrol,Manual,315000,1664,Maruti,Alto,6,237.71428571428572
Petrol,Manual,250999,74551,Honda,City,12,5734.692307692308
CNG,Manual,200000,73273,Hyundai,Verna,13,5233.785714285715
Petrol,Missing Transmission,260000,93973,Volkswagen,Vento,11,7831.083333333333
CNG,Manual,350000,116979,Maruti,Wagon R 1.0,8,12997.666666666666
Petrol,Manual,145000,92407,Maruti,Alto 800,12,7108.2307692307695
CNG,Manual,200000,73656,Maruti,Wagon R 1.0,12,5665.846153846154
Petrol,Manual,107000,58773,Hyundai,Santro Xing,14,3918.2
Petrol,Manual,180000,58298,Maruti,Swift,14,3886.5333333333333
CNG,Manual,254999,74548,Maruti,Swift Dzire,13,5324.857142857143
Petrol,Manual,220000,1234,Ford,Ecosport,12,94.92307692307692
CNG,Manual,175000,94344,Maruti,Celerio,12,7257.2307692307695
Petrol,Missing Transmission,280000,83388,Maruti,IGNIS,9,8338.8
CNG,Manual,200000,98626,Hyundai,Grand i10,11,8218.833333333334
CNG,Manual,90000,130666,Maruti,Eeco,15,8166.625
Petrol,Manual,229999,64350,Honda,Amaze,12,4950.0
Petrol,Missing Transmission,185000,60859,Renault,Kwid,9,6085.9
Petrol,Missing Transmission,484999,64863,Ford,Ecosport,8,7207.0
Petrol,Manual,375000,57164,Hyundai,AURA,6,8166.285714285715
Petrol,Manual,160000,62605,Maruti,Ritz,12,4815.7692307692305
Petrol,Manual,345000,90863,Maruti,Baleno,9,9086.3
CNG,Manual,320000,86048,Maruti,Swift,8,9560.888888888889
Petrol,Manual,140000,89910,Hyundai,Eon,10,8173.636363636364
Petrol,Manual,120000,83333,Maruti,Alto 800,13,5952.357142857143
CNG,Manual,200000,70322,Renault,Kwid,8,7813.555555555556
Petrol,Missing Transmission,215000,75295,Maruti,Celerio,12,5791.923076923077
Petrol,Manual,110000,65823,Maruti,Alto K10,13,4701.642857142857
Petrol,Manual,150000,54726,Renault,Kwid,9,5472.6
CNG,Manual,244000,74913,Tata,TIGOR,9,7491.3
Petrol,Manual,87000,61220,Maruti,Wagon R 1.0,15,3826.25
Petrol,Manual,165000,101298,Honda,Amaze,12,7792.153846153846
Petrol,Manual,235000,73865,Honda,Jazz,11,6155.416666666667
CNG,Manual,132000,90489,Hyundai,Eon,12,6960.692307692308
CNG,Manual,570000,33583,Maruti,Baleno,2,11194.333333333334
Petrol,Manual,1150000,15321,Hyundai,Verna,1,7660.5
CNG,Manual,123000,89354,Maruti,Alto 800,13,6382.428571428572
Petrol,Manual,112999,35114,Renault,Kwid,10,3192.181818181818
Petrol,Manual,180000,97909,Tata,Tiago,7,12238.625
Petrol,Missing Transmission,134000,62999,Hyundai,i20,14,4199.933333333333
Petrol,Manual,106000,83288,Hyundai,Eon,12,6406.7692307692305
Petrol,Manual,254999,107684,Tata,Tiago,6,15383.42857142857
CNG,Manual,93000,141495,Maruti,Alto K10,13,10106.785714285714
Petrol,Manual,215000,13327,Hyundai,Eon,9,1332.7
CNG,Manual,790000,69999,KIA,SONET,2,23333.0
Petrol,Manual,490000,27590,Honda,City,8,3065.5555555555557
CNG,Manual,260000,112112,Maruti,Wagon R 1.0,9,11211.2
Petrol,Manual,475000,32844,Tata,NEXON,5,5474.0
CNG,Manual,137000,98310,Hyundai,i10,13,7022.142857142857
Petrol,Manual,450000,47470,Maruti,Baleno,8,5274.444444444444
Petrol,Manual,149000,7908,Hyundai,Santro Xing,13,564.8571428571429
Petrol,Manual,580000,37888,Hyundai,NEW I20,3,9472.0
Petrol,Manual,400000,65123,Maruti,Swift,6,9303.285714285714
CNG,Manual,180000,97888,Maruti,Swift,14,6525.866666666667
Petrol,Manual,459999,62938,Tata,NEXON,7,7867.25
CNG,Manual,300000,137542,Maruti,Swift Dzire,11,11461.833333333334
Petrol,Manual,280000,152177,Maruti,Swift Dzire,12,11705.923076923076
Petrol,Manual,160000,51048,Mahindra,Kuv100,10,4640.727272727273
Petrol,Manual,300000,72244,Hyundai,Elite i20,11,6020.333333333333
Petrol,Manual,150000,60243,Honda,Brio,13,4303.071428571428
Petrol,Manual,120000,104845,Hyundai,i10,13,7488.928571428572
CNG,Manual,199000,101270,Honda,Amaze,10,9206.363636363636
Petrol,Manual,139000,82420,Maruti,SX4,13,5887.142857142857
Diesel,Manual,229999,63750,Fiat,URBAN CROSS,8,7083.333333333333
Petrol,Manual,190000,64976,Honda,Amaze,10,5906.909090909091
Petrol,Manual,500000,51495,Maruti,Swift,5,8582.5
Petrol,Manual,550000,168805,Maruti,Ertiga,7,21100.625
Petrol,Manual,344000,23000,Renault,Kwid,5,3833.3333333333335
Petrol,Manual,85000,53387,Hyundai,i20,15,3336.6875
CNG,Manual,122000,94144,Maruti,Swift Dzire,14,6276.266666666666
Petrol,Manual,200000,83275,Toyota,Etios,12,6405.7692307692305
Petrol,Manual,140000,80151,Hyundai,i20,14,5343.4
Petrol,Manual,150000,96990,Maruti,Swift,14,6466.0
Petrol,Manual,188000,15427,Maruti,Swift,14,1028.4666666666667
CNG,Manual,170000,53381,Nissan,Micra Active,11,4448.416666666667
Petrol,Manual,114999,40855,Hyundai,i10,13,2918.214285714286
CNG,Manual,128000,82624,Hyundai,i10,12,6355.692307692308
Diesel,Manual,270000,79050,Hyundai,Elite i20,9,7905.0
CNG,Manual,125000,87400,Maruti,Wagon R 1.0,13,6242.857142857143
Petrol,Missing Transmission,300000,159492,Hyundai,Verna,10,14499.272727272728
CNG,Manual,250000,37229,Maruti,Wagon R 1.0,9,3722.9
Diesel,Manual,395000,78078,Tata,NEXON,6,11154.0
Petrol,Manual,221000,85119,Maruti,Swift Dzire,9,8511.9
Petrol,Manual,1772000,17118,MG,HECTOR PLUS,2,5706.0
Petrol,Manual,280000,67290,Maruti,Swift,11,5607.5
CNG,Manual,277000,139624,Maruti,Swift,9,13962.4
Petrol,Manual,114999,86407,Maruti,Alto 800,12,6646.692307692308
Diesel,Manual,267000,109920,Maruti,Swift Dzire,10,9992.727272727272
CNG,Manual,218000,75327,Hyundai,Verna,13,5380.5
CNG,Manual,190000,146832,Maruti,Alto 800,9,14683.2
Petrol,Manual,220000,104459,Honda,Amaze,11,8704.916666666666
Petrol,Manual,208000,20274,Maruti,Alto 800,10,1843.090909090909
Petrol,Missing Transmission,304000,70996,Maruti,Baleno,8,7888.444444444444
Petrol,Missing Transmission,247000,67583,Maruti,Wagon R 1.0,9,6758.3
CNG,Manual,430000,58734,Maruti,Swift,7,7341.75
CNG,Manual,200000,75940,Hyundai,i10,11,6328.333333333333
Petrol,Manual,229999,64755,Maruti,Celerio,12,4981.153846153846
Petrol,Manual,585000,57641,Tata,NEXON,3,14410.25
Petrol,Manual,950000,32271,KIA,SELTOS,7,4033.875
CNG,Manual,130000,156502,Hyundai,Grand i10,13,11178.714285714286
Petrol,Manual,170000,81801,Maruti,Wagon R 1.0,10,7436.454545454545
Petrol,Manual,185000,60298,Honda,Brio,11,5024.833333333333
Petrol,Manual,64000,87762,Hyundai,Santro Xing,15,5485.125
Petrol,Manual,140000,52981,Renault,Kwid,10,4816.454545454545
Petrol,Manual,130000,59078,Hyundai,i10,13,4219.857142857143
CNG,Manual,240000,106801,Maruti,Wagon R 1.0,10,9709.181818181818
Petrol,Manual,335000,73702,Ford,New Figo,7,9212.75
CNG,Manual,215000,69678,Tata,Tiago,9,6967.8
Petrol,Manual,135000,72480,Hyundai,i20,14,4832.0
CNG,Manual,197000,80133,Tata,Tiago,9,8013.3
CNG,Manual,370000,53559,Maruti,Dzire,8,5951.0
Petrol,Missing Transmission,650000,97966,Hyundai,Creta,9,9796.6
CNG,Manual,154000,35386,Datsun,Go,8,3931.777777777778
Petrol,Manual,114999,37158,Datsun,Redi Go,10,3378.0
Petrol,Manual,265000,96540,Maruti,Swift Dzire,12,7426.153846153846
CNG,Manual,66000,144704,Hyundai,Santro Xing,15,9044.0
Petrol,Manual,215000,100558,Hyundai,Grand i10,12,7735.2307692307695
CNG,Manual,655000,105371,Maruti,Ertiga,7,13171.375
Petrol,Manual,229000,73915,Renault,Kwid,6,10559.285714285714
Petrol,Manual,260000,54623,Renault,TRIBER,7,6827.875
Petrol,Manual,190000,68019,Hyundai,Grand i10,13,4858.5
Petrol,Manual,180000,50556,Maruti,Alto K10,10,4596.0
Petrol,Manual,370000,65504,Honda,Amaze,9,6550.4
Petrol,Manual,151000,66876,Honda,Amaze,13,4776.857142857143
Petrol,Manual,134000,48701,Renault,Kwid,10,4427.363636363636
CNG,Manual,280000,87635,Renault,TRIBER,7,10954.375
Diesel,Missing Transmission,2229000,14625,Mahindra,SCORPIO-N,1,7312.5
CNG,Manual,109000,99363,Maruti,Alto 800,12,7643.307692307692
Petrol,Manual,250000,91988,Maruti,Swift Dzire,10,8362.545454545454
Petrol,Manual,344000,83848,Maruti,Swift,10,7622.545454545455
Petrol,Manual,70000,57174,Hyundai,Santro Xing,15,3573.375
Petrol,Manual,540000,28586,Maruti,Swift,2,9528.666666666666
Diesel,Missing Transmission,397000,144048,Maruti,Vitara Brezza,8,16005.333333333334
Diesel,Manual,407000,120130,Tata,Hexa,9,12013.0
CNG,Manual,67000,10926,Hyundai,Eon,14,728.4
Petrol,Manual,130000,47939,Maruti,Alto 800,13,3424.214285714286
Petrol,Manual,120000,67746,Hyundai,Verna,15,4234.125
Petrol,Manual,160000,9982,Renault,Kwid,10,907.4545454545455
Petrol,Manual,95000,104702,Hyundai,i10,15,6543.875
CNG,Manual,165000,95800,Maruti,Wagon R 1.0,12,7369.2307692307695
Petrol,Manual,350000,76026,Maruti,Swift,9,7602.6
Petrol,Manual,130000,119971,Maruti,Alto 800,12,9228.538461538461
Petrol,Manual,191000,75905,Datsun,Redi Go,9,7590.5
CNG,Manual,185000,33394,Maruti,Alto K10,11,2782.8333333333335
CNG,Manual,210000,119518,Maruti,Wagon R 1.0,10,10865.272727272728
Petrol,Manual,85000,70000,Maruti,Swift,15,4375.0
Petrol,Manual,500000,59687,Hyundai,VENUE,6,8526.714285714286
Petrol,Manual,275000,124157,Maruti,Swift,10,11287.0
Petrol,Manual,670000,11732,Maruti,FRONX,2,3910.6666666666665
Petrol,Manual,140000,106794,Datsun,Redi Go,9,10679.4
Petrol,Manual,850000,47793,Maruti,Ciaz,4,9558.6
Petrol,Missing Transmission,360000,64784,Hyundai,Verna,11,5398.666666666667
Petrol,Missing Transmission,160000,71045,Honda,Brio,12,5465.0
Petrol,Manual,160000,124951,Hyundai,i20,14,8330.066666666668
Petrol,Manual,130000,115493,Maruti,Alto 800,12,8884.076923076924
Petrol,Manual,350000,104722,Maruti,Swift,9,10472.2
Petrol,Manual,300000,109407,Maruti,Swift,11,9117.25
Petrol,Manual,153000,59054,Hyundai,Eon,12,4542.615384615385
Petrol,Manual,280000,74057,Maruti,Swift Dzire,11,6171.416666666667
CNG,Manual,245000,78423,Maruti,Ciaz,12,6032.538461538462
Petrol,Manual,180000,63645,Maruti,Wagon R 1.0,11,5303.75
Petrol,Manual,600000,83525,Maruti,Vitara Brezza,6,11932.142857142857
Petrol,Manual,254999,15989,Maruti,Alto K10,7,1998.625
CNG,Manual,140000,79798,Hyundai,i10,12,6138.307692307692
Petrol,Manual,176000,54184,Hyundai,i10,11,4515.333333333333
Petrol,Manual,225000,64269,Honda,Amaze,11,5355.75
Petrol,Manual,551000,72249,Maruti,Baleno,6,10321.285714285714
Petrol,Manual,595000,45490,Hyundai,Verna,9,4549.0
CNG,Manual,285000,121956,Maruti,Swift,9,12195.6
Petrol,Manual,275000,17658,Maruti,Wagon R 1.0,9,1765.8
Petrol,Manual,220000,118881,Honda,Amaze,12,9144.692307692309
Petrol,Manual,325000,97215,Maruti,Swift,11,8101.25
Petrol,Missing Transmission,1131000,45565,MG,HECTOR,6,6509.285714285715
Petrol,Manual,275000,44400,Maruti,Swift Dzire,12,3415.3846153846152
Petrol,Manual,122000,38344,Renault,Kwid,10,3485.818181818182
Petrol,Manual,89000,42595,Hyundai,Eon,13,3042.5
Petrol,Manual,223000,84432,Maruti,Swift Dzire,12,6494.7692307692305
Petrol,Missing Transmission,490000,105975,Honda,Amaze,7,13246.875
Petrol,Manual,213000,145250,Maruti,Swift,12,11173.076923076924
CNG,Manual,200000,91239,Maruti,Celerio,11,7603.25
Petrol,Manual,450000,63308,Maruti,Baleno,4,12661.6
CNG,Manual,404000,108874,Maruti,New Wagon-R,5,18145.666666666668
CNG,Manual,150000,107306,Maruti,Swift,14,7153.733333333334
CNG,Manual,110000,202450,Honda,City,15,12653.125
Petrol,Missing Transmission,135000,149834,Volkswagen,Vento,13,10702.42857142857
Petrol,Manual,70000,105435,Toyota,Etios,15,6589.6875
Petrol,Manual,150000,47219,Renault,Kwid,9,4721.9
CNG,Manual,272000,152250,Maruti,Wagon R 1.0,8,16916.666666666668
CNG,Manual,165000,97656,Maruti,Wagon R 1.0,11,8138.0
Petrol,Manual,180000,85202,Maruti,Alto K10,11,7100.166666666667
Petrol,Manual,409999,48877,Maruti,Swift,5,8146.166666666667
CNG,Manual,180000,126267,Maruti,Wagon R 1.0,11,10522.25
Petrol,Manual,159000,17168,Maruti,Alto 800,10,1560.7272727272727
Petrol,Manual,161000,30585,Renault,Kwid,10,2780.4545454545455
Petrol,Manual,250000,103975,Maruti,Swift Dzire,12,7998.076923076923
Petrol,Manual,320000,98376,Maruti,Swift Dzire,11,8198.0
CNG,Manual,501000,64313,Tata,NEXON,4,12862.6
Petrol,Manual,250000,45947,Maruti,Swift Dzire,13,3281.9285714285716
Petrol,Manual,250000,51398,Maruti,Swift Dzire,12,3953.6923076923076
Petrol,Manual,80000,99058,Hyundai,i10,15,6191.125
Petrol,Manual,148000,55000,Mahindra,KUV 100 NXT,9,5500.0
Petrol,Manual,150000,61120,Hyundai,i20,14,4074.6666666666665
Petrol,Manual,280000,124587,Hyundai,Elite i20,10,11326.09090909091
Petrol,Manual,132000,24675,Hyundai,i10,14,1645.0
Petrol,Missing Transmission,700000,63521,Hyundai,Verna,6,9074.42857142857
Petrol,Manual,105000,92983,Maruti,Alto 800,12,7152.538461538462
Petrol,Manual,140000,62515,Renault,Kwid,10,5683.181818181818
CNG,Manual,200000,186616,Maruti,Wagon R 1.0,11,15551.333333333334
Petrol,Manual,75000,91000,Hyundai,Eon,13,6500.0
CNG,Manual,376000,28349,Maruti,Baleno,8,3149.8888888888887
CNG,Manual,250000,101518,Maruti,Swift Dzire,10,9228.90909090909
CNG,Manual,270000,85120,Hyundai,Elite i20,12,6547.692307692308
CNG,Manual,142000,148281,Maruti,Alto K10,11,12356.75
Diesel,Manual,459999,59616,Maruti,S Cross,9,5961.6
CNG,Manual,200000,96658,Hyundai,i10,11,8054.833333333333
Diesel,Manual,209000,42968,Tata,Tiago,9,4296.8
Petrol,Missing Transmission,160000,79076,Renault,Kwid,9,7907.6
Diesel,Manual,254999,213436,Honda,BR-V,10,19403.272727272728
Petrol,Manual,150000,56087,Mahindra,Kuv100,10,5098.818181818182
CNG,Manual,76000,75827,Hyundai,Santro Xing,15,4739.1875
Petrol,Manual,170000,53834,Maruti,Wagon R 1.0,12,4141.076923076923
CNG,Manual,262000,101668,Maruti,Swift Dzire,10,9242.545454545454
Petrol,Manual,150000,53952,Hyundai,i10,11,4496.0
Petrol,Manual,500000,92669,Maruti,Dzire,7,11583.625
Petrol,Manual,130000,140000,Toyota,Etios Liva,15,8750.0
CNG,Manual,130000,96634,Hyundai,i10,13,6902.428571428572
CNG,Manual,700000,85738,Maruti,Ertiga,6,12248.285714285714
Petrol,Manual,530000,38069,Hyundai,VENUE,5,6344.833333333333
Diesel,Manual,471000,109810,Hyundai,VENUE,6,15687.142857142857
CNG,Manual,125000,128431,Hyundai,Santro Xing,13,9173.642857142857
CNG,Manual,160000,48684,Hyundai,i10,13,3477.4285714285716
Petrol,Manual,132000,89028,Maruti,Wagon R 1.0,13,6359.142857142857
Petrol,Manual,600000,45834,Maruti,Baleno,2,15278.0
CNG,Manual,250000,60848,Honda,Amaze,9,6084.8
Petrol,Manual,211000,44726,Toyota,Etios Liva,13,3194.714285714286
Petrol,Manual,254999,84565,Maruti,Swift,11,7047.083333333333
CNG,Manual,128000,101447,Maruti,Alto 800,12,7803.615384615385
Petrol,Manual,145000,97352,Hyundai,i10,12,7488.615384615385
Diesel,Manual,266000,64960,Ford,Figo Aspire,8,7217.777777777777
Petrol,Manual,50000,91606,Hyundai,i10,14,6107.066666666667
Petrol,Manual,189000,70354,Maruti,Alto K10,11,5862.833333333333
Petrol,Manual,112000,68490,Honda,City,15,4280.625
Petrol,Manual,330000,47832,Maruti,Swift,9,4783.2
Petrol,Manual,97000,70500,Hyundai,Eon,12,5423.076923076923
CNG,Manual,325000,71545,Renault,TRIBER,6,10220.714285714286
Petrol,Missing Transmission,500000,64868,Ford,Ecosport,8,7207.555555555556
Petrol,Manual,499000,51686,Hyundai,Creta,11,4307.166666666667
CNG,Manual,190000,122189,Maruti,Wagon R 1.0,10,11108.09090909091
Petrol,Manual,690000,74685,Hyundai,Creta,8,8298.333333333334
Petrol,Manual,142000,55482,Honda,Brio,13,3963.0
CNG,Manual,140000,92001,Maruti,Wagon R 1.0,12,7077.0
Petrol,Missing Transmission,360000,44411,Maruti,Dzire,9,4441.1
Petrol,Manual,700000,54192,Maruti,Ertiga,7,6774.0
CNG,Manual,85000,164210,Hyundai,Santro Xing,14,10947.333333333334
Petrol,Manual,405000,20830,Maruti,Swift,6,2975.714285714286
Petrol,Manual,126000,56209,Honda,Brio,14,3747.266666666667
Petrol,Missing Transmission,190000,200000,BMW,3 Series,15,12500.0
Petrol,Manual,87000,48795,Ford,Figo,14,3253.0
CNG,Manual,380000,125205,Nissan,MAGNITE,4,25041.0
CNG,Manual,229999,55804,Maruti,Wagon R 1.0,8,6200.444444444444
Petrol,Manual,135000,136992,Toyota,Etios Liva,15,8562.0
Petrol,Manual,320000,53195,Maruti,Swift Dzire,11,4432.916666666667
Petrol,Manual,95000,105292,Hyundai,i10,14,7019.466666666666
CNG,Manual,360000,68613,Hyundai,Elite i20,8,7623.666666666667
Diesel,Manual,550000,16752,Tata,Hexa,9,1675.2
CNG,Manual,288000,91152,Renault,TRIBER,7,11394.0
CNG,Manual,350000,89653,Maruti,Alto,5,14942.166666666666
Petrol,Manual,320000,82350,Maruti,Swift,9,8235.0
Petrol,Manual,245000,37837,Maruti,Swift,13,2702.6428571428573
Petrol,Manual,80000,163475,Hyundai,i10,15,10217.1875
Diesel,Manual,180000,112840,Mahindra,KUV 100 NXT,9,11284.0
Petrol,Manual,310000,29157,Maruti,Celerio,7,3644.625
Petrol,Manual,112999,41220,Hyundai,i10,15,2576.25
Diesel,Manual,118000,119935,Mahindra,Kuv100,10,10903.181818181818
CNG,Manual,130000,116937,Hyundai,Santro Xing,13,8352.642857142857
CNG,Manual,67000,81140,Hyundai,Santro Xing,15,5071.25
Petrol,Manual,186000,47192,Hyundai,i10,12,3630.153846153846
CNG,Manual,310000,69027,Maruti,Swift,9,6902.7
Petrol,Manual,330000,59054,Maruti,Baleno,8,6561.555555555556
Petrol,Manual,204999,221912,Maruti,Swift,12,17070.153846153848
Petrol,Manual,225000,45840,Renault,Kwid,7,5730.0
Petrol,Manual,134000,33471,Honda,City,15,2091.9375
Petrol,Manual,210000,118021,Honda,City,12,9078.538461538461
Petrol,Manual,280000,82492,Honda,City,12,6345.538461538462
Petrol,Manual,85000,170522,Maruti,Ritz,15,10657.625
CNG,Manual,130000,153819,Hyundai,i20,14,10254.6
Petrol,Manual,168000,81321,Hyundai,i20,13,5808.642857142857
Petrol,Missing Transmission,525000,51204,Tata,NEXON,8,5689.333333333333
Diesel,Manual,270000,79201,Honda,Jazz,9,7920.1
Petrol,Manual,496000,21917,Maruti,Baleno,6,3131.0
Petrol,Manual,240000,223924,Honda,Amaze,11,18660.333333333332
Petrol,Manual,600000,120387,Hyundai,Verna,5,20064.5
Petrol,Manual,210000,46754,Ford,Ecosport,13,3339.5714285714284
Petrol,Manual,360000,47261,Maruti,Swift,9,4726.1
Petrol,Manual,90000,110849,Volkswagen,Vento,15,6928.0625
CNG,Manual,227000,84554,Hyundai,Grand i10,10,7686.727272727273
Petrol,Manual,350000,76731,Tata,NEXON,7,9591.375
Petrol,Missing Transmission,159000,74059,Maruti,Alto K10,12,5696.846153846154
CNG,Manual,142000,157360,Maruti,Alto 800,12,12104.615384615385
Petrol,Manual,115999,35750,Toyota,Etios,15,2234.375
Petrol,Manual,720000,31974,Hyundai,Verna,4,6394.8
CNG,Manual,250000,94155,Maruti,Wagon R 1.0,12,7242.692307692308
Petrol,Manual,150000,75800,Maruti,Wagon R 1.0,12,5830.7692307692305
Petrol,Manual,259000,68383,Maruti,Baleno,10,6216.636363636364
Diesel,Manual,545000,78662,Hyundai,Verna,9,7866.2
Petrol,Manual,384000,64161,Tata,NEXON,8,7129.0
Diesel,Manual,150000,134425,Mahindra,Kuv100,10,12220.454545454546
Petrol,Manual,240000,99940,Tata,Tiago,9,9994.0
Petrol,Manual,140000,73712,Maruti,Swift Dzire,14,4914.133333333333
Petrol,Manual,240000,61182,Maruti,Wagon R 1.0,11,5098.5
Petrol,Manual,320000,50384,Maruti,IGNIS,5,8397.333333333334
Petrol,Manual,380000,35129,Maruti,Baleno,7,4391.125
Petrol,Manual,500000,41789,Hyundai,NEW I20,6,5969.857142857143
CNG,Manual,151000,78342,Maruti,Wagon R 1.0,12,6026.307692307692
CNG,Manual,125000,140125,Maruti,Wagon R 1.0,11,11677.083333333334
Petrol,Missing Transmission,300000,60440,Hyundai,NEW SANTRO,6,8634.285714285714
CNG,Manual,370000,163828,Honda,Amaze,8,18203.11111111111
Petrol,Manual,140000,90445,Toyota,Etios Liva,13,6460.357142857143
Petrol,Manual,459999,100291,Maruti,Baleno,8,11143.444444444445
Petrol,Manual,218000,103354,Skoda,Rapid,12,7950.307692307692
Petrol,Manual,165000,47537,Maruti,Eeco,11,3961.4166666666665
CNG,Missing Transmission,440000,60047,Honda,Amaze,7,7505.875
Petrol,Manual,200000,68837,Hyundai,Grand i10,11,5736.416666666667
Petrol,Manual,94000,44514,Maruti,Swift,15,2782.125
CNG,Manual,135000,55569,Hyundai,i10,13,3969.214285714286
Petrol,Missing Transmission,409999,98080,Maruti,Swift,8,10897.777777777777
Petrol,Manual,80000,15607,Hyundai,Eon,15,975.4375
CNG,Manual,120000,65758,Hyundai,i10,13,4697.0
CNG,Manual,64000,84542,Maruti,Alto,14,5636.133333333333
Petrol,Manual,256999,59237,Maruti,Swift,13,4231.214285714285
Petrol,Missing Transmission,280000,60967,Tata,Tiago,8,6774.111111111111
Petrol,Manual,158000,44956,Honda,City,15,2809.75
Petrol,Manual,110000,42255,Honda,Brio,14,2817.0
Petrol,Manual,750000,7707,Mahindra,XUV 3XO,2,2569.0
Petrol,Manual,145000,15203,Hyundai,i10,13,1085.9285714285713
CNG,Manual,300000,89987,Maruti,Swift,9,8998.7
CNG,Manual,103000,184451,Hyundai,Santro Xing,14,12296.733333333334
CNG,Manual,265000,159964,Maruti,Wagon R 1.0,8,17773.777777777777
Petrol,Manual,170000,124736,Honda,Amaze,13,8909.714285714286
CNG,Manual,250000,105276,Maruti,Swift,10,9570.545454545454
CNG,Manual,590000,61176,Hyundai,NEW I20,3,15294.0
Petrol,Manual,324000,60585,Volkswagen,Ameo,8,6731.666666666667
Petrol,Manual,400000,78276,Maruti,Baleno,8,8697.333333333334
Petrol,Manual,170000,47537,Renault,Kwid,8,5281.888888888889
CNG,Manual,330000,101507,Maruti,Swift,9,10150.7
CNG,Manual,325000,85873,Hyundai,Elite i20,8,9541.444444444445
CNG,Manual,265000,110935,Hyundai,Elite i20,10,10085.0
CNG,Manual,120000,67285,Hyundai,i10,13,4806.071428571428
CNG,Manual,430000,7436,Maruti,Alto K10,2,2478.6666666666665
Petrol,Manual,73000,84260,Hyundai,Eon,15,5266.25
Petrol,Missing Transmission,170000,79660,Honda,City,14,5310.666666666667
Diesel,Missing Transmission,495000,85237,Tata,Hexa,9,8523.7
Petrol,Manual,400000,48677,Maruti,Baleno,6,6953.857142857143
Petrol,Manual,150000,109889,Maruti,Celerio,12,8453.0
Petrol,Manual,550000,56949,Honda,Amaze,4,11389.8
CNG,Manual,125000,70486,Hyundai,Santro Xing,12,5422.0
Petrol,Manual,300000,50705,Honda,Amaze,12,3900.3846153846152
CNG,Manual,186000,99066,Hyundai,Verna,12,7620.461538461538
Petrol,Manual,210000,136012,Tata,Tiago,8,15112.444444444445
Diesel,Missing Transmission,420000,80344,Maruti,Dzire,9,8034.4
Petrol,Missing Transmission,400000,34703,Maruti,Swift,6,4957.571428571428
Petrol,Manual,310000,129514,Hyundai,Elite i20,11,10792.833333333334
Petrol,Manual,128000,103659,Hyundai,i20,14,6910.6
Petrol,Manual,85000,84202,Maruti,Swift Dzire,15,5262.625
Petrol,Manual,390000,12750,Nissan,MAGNITE,4,2550.0
Diesel,Manual,640000,62376,KIA,SONET,6,8910.857142857143
Petrol,Manual,159000,47880,Renault,Kwid,9,4788.0
Petrol,Manual,211000,46937,Honda,Amaze,13,3352.6428571428573
Petrol,Manual,370000,56135,Honda,Amaze,8,6237.222222222223
Petrol,Manual,88000,60418,Maruti,Alto K10,14,4027.866666666667
Petrol,Manual,472000,81029,Skoda,Rapid,5,13504.833333333334
Petrol,Manual,200000,65203,Honda,City,13,4657.357142857143
Petrol,Manual,600000,45723,Skoda,Rapid,5,7620.5
Petrol,Manual,202000,54894,Volkswagen,Vento,13,3921.0
Petrol,Manual,395000,64380,Maruti,Dzire,7,8047.5
Petrol,Manual,298000,113326,Maruti,Swift Dzire,11,9443.833333333334
CNG,Manual,500000,51737,Maruti,Swift,7,6467.125
Petrol,Manual,350000,63370,Maruti,Baleno,8,7041.111111111111
Petrol,Manual,220000,81037,Maruti,Swift Dzire,13,5788.357142857143
Petrol,Manual,350000,128004,Maruti,Swift,7,16000.5
Petrol,Manual,135000,69781,Renault,Kwid,10,6343.727272727273
Petrol,Manual,227999,78408,Honda,Amaze,9,7840.8
Petrol,Manual,192000,40046,Honda,City,14,2669.733333333333
Petrol,Missing Transmission,180000,58035,Renault,Kwid,9,5803.5
Petrol,Manual,85000,97764,Maruti,Alto K10,14,6517.6
Petrol,Manual,78000,74177,Hyundai,Santro Xing,14,4945.133333333333
Petrol,Manual,509999,55000,Hyundai,Creta,10,5000.0
Petrol,Manual,380000,62034,Maruti,Kizashi,15,3877.125
Petrol,Manual,110000,63614,Maruti,Swift,15,3975.875
Diesel,Manual,360000,112064,Tata,NEXON,8,12451.555555555555
Petrol,Missing Transmission,765000,96913,Hyundai,Creta,8,10768.111111111111
Petrol,Manual,130000,28967,Hyundai,i10,14,1931.1333333333334
Petrol,Manual,85000,92119,Hyundai,i10,15,5757.4375
CNG,Manual,66000,85874,Maruti,Alto 800,14,5724.933333333333
CNG,Manual,280000,141356,Maruti,Wagon R 1.0,8,15706.222222222223
Petrol,Manual,610000,61544,Hyundai,Verna,8,6838.222222222223
Petrol,Manual,300000,60286,Maruti,New Wagon-R,7,7535.75
Petrol,Manual,250000,41696,Maruti,Swift Dzire,11,3474.6666666666665
Petrol,Manual,245000,34015,Maruti,Alto K10,10,3092.2727272727275
Diesel,Missing Transmission,465000,79170,Tata,Hexa,9,7917.0
Petrol,Manual,105000,55694,Hyundai,i10,14,3712.9333333333334
Petrol,Missing Transmission,170000,75900,Maruti,Wagon R 1.0,11,6325.0
Petrol,Manual,320000,73619,Maruti,Swift,9,7361.9
Petrol,Manual,95000,113111,Hyundai,Eon,11,9425.916666666666
Petrol,Missing Transmission,400000,83320,Maruti,Dzire,9,8332.0
Petrol,Manual,91000,61433,Hyundai,Santro Xing,15,3839.5625
Petrol,Manual,139000,45193,Honda,Brio,14,3012.866666666667
CNG,Manual,100000,79054,Honda,Brio,14,5270.266666666666
Petrol,Manual,147000,73641,Hyundai,i10,12,5664.692307692308
Petrol,Manual,75000,65932,Maruti,Zen Estilo,13,4709.428571428572
Petrol,Manual,335000,109732,Hyundai,Elite i20,11,9144.333333333334
Petrol,Missing Transmission,210000,46889,Hyundai,Verna,13,3349.214285714286
Diesel,Manual,342000,72436,Maruti,S Cross,9,7243.6
Petrol,Manual,473000,62822,Maruti,Swift,4,12564.4
CNG,Manual,80000,93880,Hyundai,i10,14,6258.666666666667
Petrol,Manual,347000,105915,Maruti,Baleno,8,11768.333333333334
Petrol,Manual,380000,36482,Hyundai,Creta,11,3040.1666666666665
Petrol,Manual,360000,91395,Tata,Tiago,7,11424.375
Petrol,Missing Transmission,200000,79855,Renault,Kwid,9,7985.5
Petrol,Missing Transmission,540000,62166,Hyundai,VENUE,6,8880.857142857143
CNG,Manual,240000,91005,Maruti,Wagon R 1.0,10,8273.181818181818
Petrol,Missing Transmission,395000,29716,Maruti,Swift,8,3301.777777777778
Petrol,Manual,128000,47091,Toyota,Etios Liva,15,2943.1875
CNG,Manual,73000,99771,Maruti,Swift Dzire,16,5868.882352941177
CNG,Manual,200000,94388,Hyundai,Verna,13,6742.0
Petrol,Manual,1370000,12567,Honda,City,1,6283.5
Petrol,Manual,299000,48582,Maruti,Swift Dzire,13,3470.1428571428573
Petrol,Manual,190000,114731,Maruti,Swift,13,8195.07142857143
Petrol,Manual,400000,72481,Maruti,Swift,7,9060.125
Petrol,Manual,150000,35646,Hyundai,i10,13,2546.1428571428573
Diesel,Manual,270000,61083,Mahindra,KUV 100 NXT,8,6787.0
Petrol,Missing Transmission,600000,54920,Honda,Amaze,3,13730.0
CNG,Manual,225999,87092,Maruti,Celerio,11,7257.666666666667
CNG,Manual,141000,107374,Hyundai,Verna,14,7158.266666666666
CNG,Manual,220000,85261,Maruti,Alto K10,10,7751.0
Petrol,Missing Transmission,906000,94386,Tata,NEXON,3,23596.5
Petrol,Manual,110000,60554,Hyundai,i10,14,4036.9333333333334
Petrol,Manual,206000,38071,Hyundai,i10,11,3172.5833333333335
CNG,Manual,85000,160727,Hyundai,i20,15,10045.4375
CNG,Manual,348000,278131,Maruti,Ertiga,11,23177.583333333332
Petrol,Manual,175000,98982,Nissan,Terrano,13,7070.142857142857
Petrol,Manual,145000,96204,Maruti,Swift Dzire,14,6413.6
Petrol,Manual,136000,82186,Maruti,Wagon R 1.0,13,5870.428571428572
CNG,Manual,180000,87943,Hyundai,Xcent,12,6764.846153846154
Diesel,Manual,235000,90190,Ford,Ecosport,10,8199.09090909091
Petrol,Missing Transmission,750000,70867,Hyundai,Creta,8,7874.111111111111
Petrol,Manual,552000,50446,Maruti,Swift,3,12611.5
Petrol,Missing Transmission,200000,87813,Hyundai,Grand i10,11,7317.75
Petrol,Missing Transmission,180000,95189,Maruti,Celerio,12,7322.2307692307695
Petrol,Manual,70000,51280,Hyundai,Santro Xing,15,3205.0
Petrol,Manual,95000,86598,Maruti,Alto 800,14,5773.2
Petrol,Manual,267000,67691,Maruti,IGNIS,9,6769.1
CNG,Manual,165000,105258,Maruti,Wagon R 1.0,11,8771.5
Diesel,Manual,260000,155606,Ford,Ecosport,9,15560.6
Petrol,Manual,112999,62838,Toyota,Etios Liva,15,3927.375
Diesel,Manual,771000,30579,Hyundai,VENUE,3,7644.75
Petrol,Manual,260000,56997,Tata,Tiago,8,6333.0
CNG,Manual,370000,100228,Honda,WR-V,8,11136.444444444445
Petrol,Manual,300000,24034,Honda,Jazz,10,2184.909090909091
CNG,Manual,185000,88776,Maruti,Alto K10,10,8070.545454545455
Petrol,Manual,110000,55882,Hyundai,Santro Xing,13,3991.5714285714284
Petrol,Manual,102000,71667,Hyundai,Eon,12,5512.846153846154
CNG,Manual,360000,138543,Maruti,Swift,9,13854.3
CNG,Manual,162000,87930,Hyundai,Eon,10,7993.636363636364
Petrol,Manual,440000,53787,Honda,WR-V,8,5976.333333333333
CNG,Manual,318000,90224,Maruti,Wagon R 1.0,8,10024.888888888889
CNG,Manual,450000,56574,Tata,Tiago,4,11314.8
Petrol,Missing Transmission,260000,26664,Renault,Kwid,8,2962.6666666666665
Petrol,Missing Transmission,180000,105929,Mercedes,Benz E Class,15,6620.5625
Petrol,Manual,490000,42469,Tata,NEXON,7,5308.625
Diesel,Manual,500000,206161,Maruti,Dzire,7,25770.125
Petrol,Manual,750000,49364,Hyundai,Verna,6,7052.0
CNG,Manual,500000,76769,Maruti,Swift,3,19192.25
CNG,Manual,93000,90182,Maruti,Zen Estilo,13,6441.571428571428
CNG,Manual,267000,115318,Maruti,Swift Dzire,8,12813.111111111111
Petrol,Missing Transmission,259000,41178,Datsun,Redi Go,5,6863.0
Petrol,Manual,400000,62090,Maruti,Baleno,8,6898.888888888889
Petrol,Manual,349000,127034,Maruti,Baleno,10,11548.545454545454
Petrol,Manual,500000,11512,Tata,TIGOR,3,2878.0
CNG,Manual,340000,62467,Maruti,IGNIS,7,7808.375
Petrol,Missing Transmission,580000,46898,Tata,ALTROZ,3,11724.5
CNG,Manual,200000,83910,Hyundai,Xcent,12,6454.615384615385
Petrol,Missing Transmission,555000,70472,Audi,A6,15,4404.5
Petrol,Manual,114999,41421,Honda,Jazz,15,2588.8125
Petrol,Manual,65000,96271,Hyundai,Santro Xing,15,6016.9375
Petrol,Missing Transmission,213000,83042,Volkswagen,Polo,13,5931.571428571428
CNG,Manual,120000,79005,Maruti,Wagon R 1.0,13,5643.214285714285
Petrol,Manual,113999,104335,Ford,Fiesta,15,6520.9375
Petrol,Manual,450000,84581,Nissan,MAGNITE,5,14096.833333333334
Petrol,Missing Transmission,168000,31933,Datsun,Redi Go,8,3548.1111111111113
Petrol,Manual,390000,84047,Maruti,Dzire,7,10505.875
Petrol,Manual,400000,98683,Honda,BR-V,9,9868.3
Petrol,Manual,100000,83108,Hyundai,Santro Xing,14,5540.533333333334
Petrol,Manual,100000,72799,Hyundai,i10,14,4853.266666666666
Petrol,Manual,262000,130808,Hyundai,Grand i10,11,10900.666666666666
Petrol,Manual,95000,59814,Hyundai,i10,14,3987.6
Petrol,Manual,171000,86894,Hyundai,i20,13,6206.714285714285
Petrol,Manual,409999,37272,Honda,City,9,3727.2
Petrol,Manual,624000,83550,Hyundai,Creta,9,8355.0
CNG,Manual,290000,129745,Honda,Amaze,9,12974.5
CNG,Manual,225000,82465,Maruti,Swift Dzire,13,5890.357142857143
Petrol,Manual,250000,46821,Hyundai,Verna,13,3344.3571428571427
Petrol,Manual,170000,46499,Datsun,Go,8,5166.555555555556
CNG,Manual,122000,119823,Maruti,Wagon R 1.0,14,7988.2
Petrol,Manual,234000,85718,Hyundai,Grand i10,11,7143.166666666667
Petrol,Manual,231999,60225,Maruti,Celerio,11,5018.75
Petrol,Manual,130000,190330,Maruti,Swift,15,11895.625
CNG,Manual,750000,88320,Maruti,Ertiga,5,14720.0
CNG,Manual,950000,43375,KIA,CARENS,2,14458.333333333334
Petrol,Manual,229999,97001,Hyundai,Grand i10,10,8818.272727272728
Petrol,Missing Transmission,630000,21218,Tata,PUNCH,3,5304.5
Petrol,Missing Transmission,775000,9550,Tata,PUNCH,2,3183.3333333333335
Petrol,Manual,300000,56657,Maruti,Baleno,11,4721.416666666667
Petrol,Manual,102000,74627,Hyundai,Santro Xing,14,4975.133333333333
Petrol,Manual,430000,45823,Maruti,Dzire,8,5091.444444444444
Petrol,Manual,220000,124111,Hyundai,Verna,12,9547.0
CNG,Manual,275000,105717,Honda,City,11,8809.75
Petrol,Manual,360000,50156,Renault,Duster,9,5015.6
Diesel,Manual,200000,119753,Hyundai,Grand i10,10,10886.636363636364
Petrol,Manual,400000,64283,Maruti,Swift,7,8035.375
Petrol,Manual,95000,79208,Hyundai,i10,14,5280.533333333334
CNG,Manual,580000,56687,Maruti,Swift,4,11337.4
Petrol,Manual,500000,29687,Hyundai,EXTER,2,9895.666666666666
Petrol,Manual,265000,169198,Maruti,Ciaz,10,15381.636363636364
CNG,Manual,110000,149380,Maruti,Wagon R 1.0,14,9958.666666666666
Petrol,Missing Transmission,495000,20610,Renault,Duster,8,2290.0
Petrol,Manual,459999,43740,Tata,ALTROZ,4,8748.0
CNG,Manual,220000,112694,Honda,City,13,8049.571428571428
Petrol,Manual,450000,37178,Tata,PUNCH,3,9294.5
Petrol,Manual,274000,105971,Honda,Amaze,9,10597.1
Diesel,Manual,458000,66171,Hyundai,Elite i20,7,8271.375
Diesel,Manual,869999,74568,Mahindra,Scorpio,8,8285.333333333334
Petrol,Manual,113999,63395,Hyundai,i20,14,4226.333333333333
Diesel,Manual,650000,116642,Maruti,Ertiga,7,14580.25
Petrol,Manual,94000,77719,Maruti,Swift Dzire,15,4857.4375
CNG,Manual,210000,126117,Maruti,Ertiga,13,9008.357142857143
CNG,Missing Transmission,774000,61843,Maruti,XL6,6,8834.714285714286
Petrol,Manual,114999,41218,Hyundai,i10,15,2576.125
Petrol,Manual,220000,36400,Honda,Brio,12,2800.0
Petrol,Missing Transmission,1150000,44818,Mahindra,Thar,3,11204.5
Petrol,Missing Transmission,933000,27664,Maruti,Ciaz,3,6916.0
Petrol,Manual,65000,30893,Maruti,Wagon R 1.0,15,1930.8125
Petrol,Manual,85000,88162,Hyundai,i10,15,5510.125
CNG,Manual,208000,48291,Maruti,Wagon R 1.0,12,3714.6923076923076
Diesel,Manual,150000,170505,Mahindra,KUV 100 NXT,8,18945.0
Diesel,Manual,370000,69986,Maruti,S Cross,9,6998.6
CNG,Manual,500000,65130,Maruti,Ciaz,6,9304.285714285714
Petrol,Manual,177000,57902,Hyundai,Verna,15,3618.875
Petrol,Manual,90000,51731,Chevrolet,Aveo U VA,15,3233.1875
CNG,Manual,114999,145981,Maruti,Wagon R 1.0,14,9732.066666666668
CNG,Manual,117000,79748,Maruti,Wagon R 1.0,14,5316.533333333334
Petrol,Manual,750000,70192,Maruti,Ertiga,7,8774.0
CNG,Missing Transmission,640000,90938,Hyundai,Verna,7,11367.25
Petrol,Manual,459999,65171,Tata,PUNCH,4,13034.2
Petrol,Manual,250000,134140,Honda,Amaze,10,12194.545454545454
Petrol,Manual,440000,62559,Maruti,Baleno,6,8937.0
CNG,Manual,90000,148006,Maruti,Wagon R 1.0,15,9250.375
CNG,Manual,600000,27145,Tata,PUNCH,3,6786.25
Petrol,Manual,350000,80563,Maruti,Swift,8,8951.444444444445
CNG,Manual,200999,107450,Hyundai,Verna,13,7675.0
Petrol,Manual,333000,64567,Volkswagen,Jetta,12,4966.692307692308
CNG,Manual,229999,33512,Maruti,Swift,12,2577.846153846154
Petrol,Manual,400000,45939,Tata,ALTROZ,5,7656.5
Petrol,Manual,225999,63560,Toyota,Corolla Altis,14,4237.333333333333
Diesel,Manual,1200000,73298,Tata,Harrier,5,12216.333333333334
Petrol,Manual,508000,31560,Maruti,Ertiga,10,2869.090909090909
Petrol,Missing Transmission,190000,38341,Hyundai,Grand i10,13,2738.6428571428573
Petrol,Manual,430000,89021,Maruti,Swift,6,12717.285714285714
CNG,Manual,85000,67689,Maruti,OMNI E,10,6153.545454545455
CNG,Manual,85000,100000,Hyundai,Eon,13,7142.857142857143
Petrol,Manual,81000,35850,Volkswagen,Polo,15,2240.625
Petrol,Missing Transmission,120000,76262,Hyundai,i10,15,4766.375
CNG,Manual,281000,79701,Maruti,Wagon R 1.0,8,8855.666666666666
Petrol,Manual,180000,43616,Honda,City,14,2907.733333333333
Petrol,Manual,140000,21084,Mahindra,Kuv100,10,1916.7272727272727
Petrol,Manual,82000,50183,Hyundai,i10,15,3136.4375
Petrol,Manual,170000,79678,Hyundai,i20,13,5691.285714285715
Petrol,Manual,370000,44189,Maruti,Swift,9,4418.9
CNG,Manual,80000,150000,Hyundai,Santro Xing,14,10000.0
Petrol,Manual,92000,76782,Hyundai,i10,15,4798.875
Diesel,Manual,1080000,75476,Mahindra,Scorpio,7,9434.5
CNG,Manual,151000,84454,Maruti,Wagon R 1.0,14,5630.266666666666
CNG,Manual,545000,61637,Honda,City,9,6163.7
Petrol,Missing Transmission,115999,139610,Maruti,A Star,13,9972.142857142857
Diesel,Manual,140000,159149,Hyundai,Grand i10,10,14468.09090909091
Diesel,Missing Transmission,216000,130822,Renault,Duster,10,11892.90909090909
CNG,Manual,229999,65188,Honda,Mobilio,12,5014.461538461538
CNG,Manual,102000,96030,Toyota,Etios,15,6001.875
CNG,Manual,89000,86010,Hyundai,i10,14,5734.0
CNG,Manual,750000,50179,Mahindra,XUV 3XO,2,16726.333333333332
Diesel,Manual,450000,50170,Maruti,Swift,8,5574.444444444444
Diesel,Manual,916000,65377,Hyundai,Verna,4,13075.4
Petrol,Manual,421000,26470,Tata,Tiago,2,8823.333333333334
Petrol,Missing Transmission,310000,56083,Maruti,Celerio,10,5098.454545454545
Petrol,Manual,330000,46993,Volkswagen,Polo,9,4699.3
Diesel,Manual,400000,146288,Honda,City,9,14628.8
CNG,Manual,530000,57308,Maruti,Eeco,3,14327.0
Petrol,Manual,480000,82426,Hyundai,Creta,10,7493.272727272727
Petrol,Manual,180000,72805,Maruti,Celerio,12,5600.384615384615
Petrol,Manual,145000,14045,Hyundai,Santro Xing,13,1003.2142857142857
Petrol,Missing Transmission,180000,77781,Ford,Ecosport,13,5555.785714285715
CNG,Manual,210000,261950,Maruti,Wagon R 1.0,8,29105.555555555555
CNG,Manual,420000,73347,Tata,Tiago,4,14669.4
Petrol,Manual,130000,63381,Honda,Brio,13,4527.214285714285
Petrol,Manual,74000,38292,Hyundai,i10,15,2393.25
CNG,Manual,103000,125444,Chevrolet,Beat,11,10453.666666666666
CNG,Manual,83000,54386,Hyundai,Santro Xing,15,3399.125
CNG,Missing Transmission,200000,136029,Honda,City,13,9716.357142857143
CNG,Manual,86000,192110,Maruti,Wagon R 1.0,15,12006.875
CNG,Manual,285000,160193,Hyundai,Grand i10,9,16019.3
CNG,Manual,110000,101820,Maruti,Wagon R 1.0,13,7272.857142857143
Petrol,Manual,250000,129429,Honda,Jazz,11,10785.75
Petrol,Manual,695000,47465,Hyundai,VENUE,3,11866.25
CNG,Manual,290000,106077,Honda,City,12,8159.7692307692305
Petrol,Missing Transmission,180000,27080,Renault,Kwid,9,2708.0
Diesel,Manual,231999,37802,Hyundai,Grand i10,10,3436.5454545454545
CNG,Manual,140000,128932,Maruti,Ritz,10,11721.09090909091
Petrol,Manual,78000,99278,Hyundai,Santro Xing,14,6618.533333333334
Petrol,Manual,94000,38849,Hyundai,i10,14,2589.9333333333334
CNG,Missing Transmission,198000,93098,Honda,City,13,6649.857142857143
CNG,Manual,135000,121737,Hyundai,i20,13,8695.5
Petrol,Manual,380000,68152,Maruti,Baleno,8,7572.444444444444
Petrol,Manual,540000,37083,Maruti,Dzire,5,6180.5
Petrol,Manual,509999,63440,Hyundai,AURA,6,9062.857142857143
Petrol,Manual,99000,29354,Hyundai,i10,15,1834.625
CNG,Manual,130000,83184,Honda,Amaze,13,5941.714285714285
Petrol,Manual,211000,30309,Maruti,Swift Dzire,12,2331.4615384615386
Petrol,Manual,650000,33570,Hyundai,NEW I20,1,16785.0
Petrol,Manual,192000,50024,Hyundai,i20,13,3573.1428571428573
CNG,Manual,84000,88513,Hyundai,i20,15,5532.0625
CNG,Manual,210000,100269,Maruti,Swift,12,7713.0
CNG,Manual,450000,32424,Tata,TIGOR,4,6484.8
CNG,Manual,437000,62589,Tata,NEXON,7,7823.625
Petrol,Manual,90000,52844,Honda,Brio,14,3522.9333333333334
CNG,Manual,235000,63445,Maruti,Wagon R 1.0,8,7049.444444444444
Petrol,Manual,90000,118126,Hyundai,Eon,12,9086.615384615385
Petrol,Manual,409999,78059,Honda,City,8,8673.222222222223
CNG,Manual,113999,118000,Maruti,Wagon R 1.0,14,7866.666666666667
Petrol,Manual,83000,37246,Hyundai,Santro Xing,14,2483.0666666666666
Diesel,Manual,125000,101206,Mahindra,Kuv100,10,9200.545454545454
Petrol,Manual,440000,97621,Honda,WR-V,8,10846.777777777777
CNG,Manual,300000,114388,Maruti,Baleno,10,10398.90909090909
Petrol,Manual,325000,57920,Honda,Amaze,12,4455.384615384615
CNG,Manual,345000,51427,Hyundai,Grand i10,7,6428.375
CNG,Manual,459999,66474,Tata,ALTROZ,5,11079.0
Petrol,Manual,78000,96672,Hyundai,i10,15,6042.0
CNG,Manual,256999,109157,Honda,Amaze,11,9096.416666666666
Petrol,Manual,526000,56366,Renault,TRIBER,4,11273.2
Petrol,Manual,150000,111026,Maruti,Swift Dzire,13,7930.428571428572
Petrol,Manual,99000,73048,Hyundai,i10,14,4869.866666666667
Diesel,Manual,425000,107079,Tata,NEXON,7,13384.875
Petrol,Manual,345000,143702,Maruti,Swift,7,17962.75
Petrol,Manual,650000,44191,MG,HECTOR,6,6313.0
Petrol,Manual,100000,45608,Hyundai,i10,14,3040.5333333333333
Diesel,Manual,360000,65290,Honda,WR-V,9,6529.0
Petrol,Missing Transmission,300000,92434,Honda,Jazz,9,9243.4
Petrol,Manual,120000,88302,Hyundai,i20,15,5518.875
CNG,Manual,75000,68487,Hyundai,Santro Xing,13,4891.928571428572
Petrol,Missing Transmission,450000,118403,Jeep,Compass,9,11840.3
Petrol,Manual,75000,55259,Hyundai,i10,15,3453.6875
Petrol,Manual,420000,35445,Maruti,Swift,6,5063.571428571428
Petrol,Manual,400000,7231,Maruti,Baleno,8,803.4444444444445
Petrol,Manual,270000,56894,Maruti,Baleno,10,5172.181818181818
Petrol,Missing Transmission,500000,46017,Maruti,Swift,5,7669.5
Petrol,Missing Transmission,670000,58640,Honda,BR-V,7,7330.0
CNG,Manual,95000,50550,Maruti,Alto 800,14,3370.0
CNG,Manual,148000,113743,Mahindra,Kuv100,10,10340.272727272728
CNG,Manual,225999,141811,Maruti,Eeco,8,15756.777777777777
Diesel,Missing Transmission,1270000,54713,Mahindra,Thar,4,10942.6
Petrol,Manual,360000,36290,Nissan,MAGNITE,5,6048.333333333333
Diesel,Manual,610000,163476,Hyundai,Creta,8,18164.0
Diesel,Missing Transmission,381000,114004,Mahindra,XUV500,10,10364.0
Petrol,Manual,110000,82549,Hyundai,i10,14,5503.266666666666
CNG,Manual,224000,97879,Maruti,Celerio,10,8898.09090909091
Petrol,Manual,330000,65967,Maruti,Ertiga,13,4711.928571428572
Petrol,Manual,484999,31577,Maruti,Baleno,5,5262.833333333333
Petrol,Manual,350000,106121,Nissan,Kicks,7,13265.125
Petrol,Missing Transmission,260000,56929,Hyundai,Grand i10,12,4379.153846153846
Petrol,Manual,95000,67183,Hyundai,i10,14,4478.866666666667
CNG,Manual,165000,81150,Mahindra,Kuv100,10,7377.272727272727
Petrol,Manual,413000,60673,Maruti,Swift,6,8667.57142857143
Petrol,Manual,90000,64550,Skoda,Fabia,15,4034.375
CNG,Manual,290000,90838,Renault,TRIBER,7,11354.75
Petrol,Manual,312000,115240,Maruti,Baleno,10,10476.363636363636
Petrol,Missing Transmission,825000,134273,Honda,Civic,7,16784.125
CNG,Manual,85000,142381,Hyundai,i20,15,8898.8125
Petrol,Manual,88000,32940,Hyundai,Santro Xing,14,2196.0
Petrol,Manual,210000,44032,Maruti,Alto 800,9,4403.2
Petrol,Manual,385000,94882,Maruti,Baleno,8,10542.444444444445
Petrol,Manual,180000,106750,Ford,Ecosport,11,8895.833333333334
Petrol,Manual,100000,34160,Maruti,Swift,15,2135.0
Petrol,Manual,370000,29455,Maruti,Baleno,8,3272.777777777778
Petrol,Manual,380000,58459,Tata,TIGOR,8,6495.444444444444
Petrol,Manual,390000,20079,Renault,Kiger,4,4015.8
Petrol,Manual,160000,77094,Datsun,Redi Go,8,8566.0
Petrol,Manual,380000,26870,Maruti,Swift,8,2985.5555555555557
CNG,Manual,135000,180177,Hyundai,i10,12,13859.76923076923
Petrol,Manual,350000,50500,Hyundai,Elite i20,9,5050.0
Petrol,Manual,474000,45160,Hyundai,Creta,9,4516.0
Petrol,Manual,630000,26410,Honda,Amaze,4,5282.0
Diesel,Manual,260000,228497,Maruti,Ciaz,10,20772.454545454544
Petrol,Manual,600000,63492,Hyundai,Creta,9,6349.2
Diesel,Manual,213000,139471,Tata,Tiago,8,15496.777777777777
Petrol,Manual,340000,28872,Honda,Amaze,12,2220.923076923077
CNG,Manual,70000,109315,Maruti,Alto,15,6832.1875
Petrol,Manual,55000,68707,Maruti,Alto,14,4580.466666666666
CNG,Manual,140000,180157,Hyundai,i10,13,12868.357142857143
Diesel,Manual,919999,45015,Hyundai,Creta,5,7502.5
Petrol,Manual,445000,116747,Maruti,Swift,7,14593.375
CNG,Manual,171000,65661,Hyundai,Xcent,12,5050.846153846154
Petrol,Manual,140000,39763,Honda,City,15,2485.1875
Petrol,Manual,390000,66158,Honda,Amaze,7,8269.75
Petrol,Manual,360000,54693,Maruti,Baleno,10,4972.090909090909
Petrol,Manual,270000,99359,Maruti,Baleno,10,9032.636363636364
Petrol,Manual,100000,25717,Maruti,Zen Estilo,14,1714.4666666666667
CNG,Manual,500000,34615,Tata,PUNCH,3,8653.75
Petrol,Manual,80000,119186,Hyundai,i10,15,7449.125
Petrol,Manual,385000,133496,Maruti,Baleno,10,12136.0
Petrol,Manual,229999,51956,Maruti,Wagon R 1.0,10,4723.272727272727
CNG,Manual,75000,98022,Maruti,Swift Dzire,15,6126.375
Petrol,Manual,93000,116280,Maruti,Wagon R 1.0,14,7752.0
CNG,Manual,90000,110755,Maruti,Wagon R 1.0,15,6922.1875
Petrol,Manual,125000,72768,Maruti,Wagon R 1.0,14,4851.2
Diesel,Manual,940000,44451,Mahindra,XUV500,7,5556.375
CNG,Manual,760000,30701,Maruti,FRONX,2,10233.666666666666
Petrol,Manual,218000,68529,Hyundai,Grand i10,11,5710.75
Petrol,Manual,265000,84903,Maruti,Swift,10,7718.454545454545
CNG,Manual,190000,132372,Maruti,Celerio,11,11031.0
CNG,Manual,65000,289125,Maruti,Wagon R 1.0,15,18070.3125
Petrol,Manual,600000,51176,Hyundai,Creta,9,5117.6
CNG,Manual,335000,96199,Hyundai,Verna,11,8016.583333333333
Petrol,Manual,459999,73696,Maruti,Baleno,6,10528.0
Diesel,Manual,380000,138522,Maruti,Vitara Brezza,8,15391.333333333334
CNG,Manual,70000,55997,Hyundai,Santro Xing,15,3499.8125
Petrol,Missing Transmission,350000,66104,Maruti,Baleno,10,6009.454545454545
Petrol,Missing Transmission,615000,67620,Honda,City,8,7513.333333333333
Petrol,Manual,130000,200547,Hyundai,i20,14,13369.8
Petrol,Manual,424000,66134,Hyundai,Creta,10,6012.181818181818
Petrol,Manual,229999,172718,Ford,Ecosport,11,14393.166666666666
Diesel,Manual,1220000,28267,Force,Motors GURKHA,4,5653.4
CNG,Manual,82000,161397,Hyundai,Santro Xing,14,10759.8
Petrol,Manual,330000,46482,Renault,TRIBER,6,6640.285714285715
CNG,Manual,349000,99752,Hyundai,Grand i10,8,11083.555555555555
CNG,Manual,60000,164649,Maruti,Wagon R 1.0,15,10290.5625
Petrol,Manual,280000,40079,Honda,Amaze,9,4007.9
CNG,Manual,296000,90663,Hyundai,Elite i20,10,8242.09090909091
CNG,Manual,480000,68221,Maruti,New Wagon-R,5,11370.166666666666
Petrol,Manual,670000,81245,Hyundai,Verna,7,10155.625
Petrol,Manual,349000,125023,Hyundai,GRAND I10 NIOS,7,15627.875
Petrol,Manual,100000,53155,Hyundai,i10,15,3322.1875
Petrol,Manual,82000,75390,Hyundai,Accent,15,4711.875
Petrol,Manual,149000,71681,Renault,Kwid,8,7964.555555555556
Petrol,Manual,110000,184472,Hyundai,i10,14,12298.133333333333
Petrol,Missing Transmission,459999,113019,Audi,A4,14,7534.6
Petrol,Manual,82000,86499,Hyundai,Santro Xing,14,5766.6
Petrol,Manual,500000,58710,Maruti,Baleno,4,11742.0
Petrol,Manual,320000,177489,Maruti,Swift,8,19721.0
CNG,Manual,100000,102396,Hyundai,i20,14,6826.4
CNG,Manual,250000,68985,Maruti,Wagon R 1.0,10,6271.363636363636
Petrol,Manual,225000,65751,Hyundai,Grand i10,9,6575.1
Petrol,Manual,122000,177035,Maruti,Swift Dzire,14,11802.333333333334
Petrol,Manual,529000,17180,Tata,Tiago,3,4295.0
Petrol,Manual,97000,46108,Maruti,Alto 800,14,3073.866666666667
CNG,Manual,388000,125502,Maruti,New Wagon-R,7,15687.75
CNG,Manual,940000,30098,Maruti,BREZZA,1,15049.0
Petrol,Missing Transmission,1062000,35856,Mahindra,Thar,3,8964.0
Diesel,Missing Transmission,325000,69292,Maruti,IGNIS,9,6929.2
Petrol,Manual,71000,69488,Hyundai,Santro Xing,15,4343.0
Petrol,Manual,135000,35633,Hyundai,i20,15,2227.0625
CNG,Manual,231000,66029,Maruti,Wagon R 1.0,9,6602.9
Petrol,Missing Transmission,470000,70783,Maruti,Swift,6,10111.857142857143
Petrol,Manual,325000,161103,Ford,Ecosport,10,14645.727272727272
CNG,Manual,305000,99936,Volkswagen,Polo,8,11104.0
Petrol,Manual,1080000,10466,Maruti,XL6,2,3488.6666666666665
Petrol,Manual,125000,74882,Maruti,Swift,15,4680.125
CNG,Manual,86000,85374,Hyundai,i20,15,5335.875
Petrol,Manual,339000,152943,Maruti,Baleno,9,15294.3
Petrol,Missing Transmission,1215000,60653,Hyundai,Creta,4,12130.6
Petrol,Manual,383000,64064,Nissan,MAGNITE,5,10677.333333333334
Petrol,Missing Transmission,240000,111106,Maruti,Wagon R 1.0,10,10100.545454545454
Petrol,Manual,380000,108916,Hyundai,Elite i20,9,10891.6
Diesel,Manual,157000,115898,Mahindra,NUVOSPORT,10,10536.181818181818
Petrol,Manual,390000,68465,Maruti,Ciaz,11,5705.416666666667
CNG,Manual,370000,115111,Maruti,New Wagon-R,5,19185.166666666668
Petrol,Manual,480000,19348,Honda,Amaze,7,2418.5
Petrol,Missing Transmission,260000,70068,Renault,Kwid,9,7006.8
Petrol,Manual,565000,76295,Honda,City,8,8477.222222222223
CNG,Manual,620000,23735,Hyundai,AURA,3,5933.75
Petrol,Manual,609000,11073,Maruti,Swift,2,3691.0
Diesel,Missing Transmission,734000,161615,Tata,NEXON,5,26935.833333333332
Petrol,Manual,130000,117322,Toyota,Etios Liva,14,7821.466666666666
Petrol,Manual,400000,76936,Honda,City,9,7693.6
Petrol,Manual,85000,103947,Hyundai,Eon,12,7995.923076923077
CNG,Manual,180000,97361,Honda,Amaze,12,7489.307692307692
Petrol,Manual,530000,22135,Maruti,Ciaz,8,2459.4444444444443
CNG,Manual,400000,75449,Maruti,New Wagon-R,7,9431.125
CNG,Manual,183000,115354,Hyundai,i20,13,8239.57142857143
CNG,Manual,325000,102821,Maruti,Eeco,7,12852.625
Petrol,Manual,275000,70617,Honda,Mobilio,11,5884.75
Petrol,Manual,130000,95436,Hyundai,Eon,12,7341.2307692307695
CNG,Manual,930000,10175,Maruti,BREZZA,1,5087.5
CNG,Manual,150000,56698,Tata,Indigo ECS,9,5669.8
CNG,Manual,240000,76700,Maruti,Swift,12,5900.0
Petrol,Manual,289000,85000,Ford,Ecosport,9,8500.0
Petrol,Manual,145000,75697,Renault,Duster,12,5822.846153846154
Petrol,Manual,160000,80493,Toyota,Etios,14,5366.2
CNG,Manual,730000,18314,Tata,ALTROZ,1,9157.0
Petrol,Manual,199000,67328,Honda,Amaze,12,5179.076923076923
Diesel,Manual,245000,121195,Ford,New Figo,8,13466.111111111111
CNG,Manual,204999,78128,Maruti,Wagon R 1.0,11,6510.666666666667
Petrol,Missing Transmission,413999,85281,Honda,City,11,7106.75
Petrol,Manual,71000,31004,Chevrolet,Beat,14,2066.9333333333334
Diesel,Manual,615000,83672,Hyundai,Creta,8,9296.888888888889
Petrol,Manual,229999,136029,Maruti,Swift Dzire,14,9068.6
Petrol,Manual,523000,21406,Tata,PUNCH,2,7135.333333333333
Petrol,Manual,540000,83961,Honda,City,7,10495.125
Petrol,Manual,533000,68868,Nissan,MAGNITE,4,13773.6
Petrol,Manual,290000,75058,Hyundai,Grand i10,9,7505.8
Petrol,Manual,421000,58397,Maruti,Baleno,5,9732.833333333334
Petrol,Missing Transmission,875000,30339,Skoda,Superb,10,2758.090909090909
Petrol,Manual,215000,180420,Honda,City,13,12887.142857142857
CNG,Manual,479000,100868,Tata,NEXON,7,12608.5
Petrol,Manual,600000,35315,Hyundai,NEW I20,4,7063.0
Petrol,Manual,250000,33803,Hyundai,Grand i10,11,2816.9166666666665
CNG,Manual,320000,47003,Hyundai,Grand i10,8,5222.555555555556
Petrol,Missing Transmission,1147000,34838,Mahindra,Thar,5,5806.333333333333
CNG,Manual,450000,166760,Maruti,Ertiga,12,12827.692307692309
CNG,Manual,177000,126629,Hyundai,Grand i10,11,10552.416666666666
CNG,Manual,660000,21273,Maruti,Baleno,1,10636.5
Petrol,Manual,650000,87388,Maruti,Ertiga,7,10923.5
Petrol,Manual,93000,98366,Volkswagen,Polo,15,6147.875
CNG,Manual,87000,84423,Hyundai,Santro Xing,14,5628.2
Petrol,Manual,195000,65854,Hyundai,Xcent,12,5065.692307692308
CNG,Manual,455000,62627,Tata,ALTROZ,6,8946.714285714286
Petrol,Missing Transmission,409999,98919,Maruti,Baleno,8,10991.0
CNG,Manual,290000,100188,Maruti,Swift,10,9108.0
CNG,Manual,450000,129874,Honda,City,8,14430.444444444445
Petrol,Manual,110000,5814,Hyundai,i10,15,363.375
Petrol,Missing Transmission,250000,69394,Mercedes,Benz E Class,15,4337.125
Petrol,Manual,91000,27758,Hyundai,i20,15,1734.875
CNG,Manual,82000,122055,Hyundai,Santro Xing,15,7628.4375
Petrol,Manual,85000,75857,Hyundai,i10,14,5057.133333333333
Petrol,Manual,650000,52897,Ford,Ecosport,6,7556.714285714285
Petrol,Manual,106000,87182,Honda,Brio,14,5812.133333333333
Petrol,Manual,193000,130881,Nissan,Terrano,12,10067.76923076923
Diesel,Manual,370000,42627,Maruti,Ciaz,10,3875.181818181818
Petrol,Missing Transmission,420000,112361,Maruti,Dzire,5,18726.833333333332
Petrol,Missing Transmission,409000,104478,Maruti,Dzire,9,10447.8
Petrol,Manual,260000,79690,Hyundai,Grand i10,10,7244.545454545455
Petrol,Missing Transmission,670000,28421,Tata,PUNCH,3,7105.25
CNG,Manual,290000,98606,Hyundai,Grand i10,10,8964.181818181818
CNG,Manual,245000,112592,Maruti,Wagon R 1.0,9,11259.2
CNG,Manual,229999,113487,Maruti,Celerio,10,10317.0
Petrol,Missing Transmission,250999,95969,Maruti,Wagon R 1.0,9,9596.9
Petrol,Manual,290000,31068,Hyundai,Grand i10,11,2589.0
CNG,Manual,74000,100518,Hyundai,Santro Xing,14,6701.2
CNG,Manual,140000,111127,Honda,Amaze,13,7937.642857142857
Petrol,Manual,195000,55529,Skoda,Superb,15,3470.5625
CNG,Manual,200000,57947,Datsun,Redi Go,7,7243.375
Diesel,Missing Transmission,1150000,69195,Tata,Harrier,4,13839.0
Petrol,Manual,579000,43331,Tata,PUNCH,2,14443.666666666666
CNG,Manual,560000,75313,Maruti,Ertiga,11,6276.083333333333
Petrol,Manual,310000,121666,Hyundai,Elite i20,9,12166.6
CNG,Manual,475000,84883,Maruti,Swift,5,14147.166666666666
Diesel,Manual,1220000,84160,Toyota,Innova Crysta,10,7650.909090909091
Diesel,Manual,300000,178068,Maruti,Baleno,10,16188.0
Petrol,Manual,104000,122410,Honda,City,15,7650.625
Petrol,Manual,140000,175965,Toyota,Etios,14,11731.0
Petrol,Missing Transmission,295000,35258,Hyundai,New Elantra,13,2518.4285714285716
Petrol,Manual,500000,25341,Hyundai,Creta,11,2111.75
Diesel,Manual,720000,72428,Tata,Harrier,7,9053.5
Diesel,Manual,325000,76709,Tata,NEXON,8,8523.222222222223
Petrol,Manual,110000,105511,Toyota,Etios Liva,15,6594.4375
Diesel,Manual,95000,96745,Tata,Indigo ECS,10,8795.0
Diesel,Manual,327000,113932,Mahindra,TUV300,10,10357.454545454546
Petrol,Manual,235000,78086,Hyundai,Grand i10,11,6507.166666666667
Petrol,Manual,375000,37534,Maruti,Dzire,8,4170.444444444444
Petrol,Manual,215000,82025,Hyundai,i20,12,6309.615384615385
Diesel,Manual,500000,69244,Maruti,Ertiga,10,6294.909090909091
Petrol,Manual,120000,51756,Hyundai,i10,14,3450.4
Petrol,Manual,183000,68437,Maruti,Wagon R Stingray,12,5264.384615384615
Petrol,Manual,48000,34095,Chevrolet,Spark,15,2130.9375
Petrol,Missing Transmission,240000,204868,Maruti,Alto K10,8,22763.11111111111
Petrol,Manual,129000,102978,Honda,Civic,15,6436.125
Petrol,Manual,438000,65000,Maruti,Swift,5,10833.333333333334
CNG,Manual,106000,107599,Hyundai,i10,15,6724.9375
Petrol,Manual,200000,58237,Honda,Amaze,12,4479.7692307692305
Petrol,Missing Transmission,1200000,20994,Hyundai,Verna,3,5248.5
Petrol,Manual,200000,91302,Hyundai,Xcent,12,7023.2307692307695
Diesel,Manual,450000,75805,Mahindra,MARAZZO,8,8422.777777777777
Petrol,Manual,430000,64051,Maruti,Swift,8,7116.777777777777
CNG,Manual,59000,144167,Hyundai,Santro Xing,15,9010.4375
Petrol,Manual,540000,59875,Tata,PUNCH,3,14968.75
Diesel,Missing Transmission,550000,103677,Hyundai,Verna,9,10367.7
Petrol,Manual,365000,87775,Maruti,Baleno,8,9752.777777777777
CNG,Manual,700000,34696,Tata,PUNCH,1,17348.0
CNG,Missing Transmission,1094000,68437,Mahindra,Thar,4,13687.4
CNG,Manual,140000,147458,Toyota,Corolla Altis,15,9216.125
CNG,Manual,235000,192662,Maruti,Wagon R 1.0,9,19266.2
CNG,Manual,400000,69202,Tata,TIGOR,4,13840.4
Petrol,Manual,700000,19588,Tata,NEXON,4,3917.6
Petrol,Manual,850000,1746,KIA,SYROS,1,873.0
Petrol,Manual,150000,172188,Hyundai,Grand i10,13,12299.142857142857
Petrol,Manual,152000,55734,Datsun,Redi Go,7,6966.75
Petrol,Manual,500000,59781,Toyota,Glanza,3,14945.25
Petrol,Manual,105000,89884,Hyundai,Verna,15,5617.75
Diesel,Missing Transmission,480000,101361,Hyundai,Creta,10,9214.636363636364
Petrol,Manual,300000,61879,Maruti,New Wagon-R,7,7734.875
Petrol,Manual,325000,40878,Honda,Amaze,11,3406.5
CNG,Manual,260000,141416,Mahindra,KUV 100 NXT,9,14141.6
Petrol,Missing Transmission,128000,81098,Volkswagen,Vento,15,5068.625
Diesel,Manual,325000,176695,Maruti,Dzire,8,19632.777777777777
Petrol,Manual,320000,21523,Maruti,Celerio,6,3074.714285714286
Petrol,Missing Transmission,350000,138465,Maruti,Dzire,9,13846.5
Petrol,Missing Transmission,550000,54421,Tata,NEXON,6,7774.428571428572
Petrol,Manual,145000,107990,Honda,City,14,7199.333333333333
Petrol,Manual,56000,40874,Hyundai,i10,15,2554.625
Petrol,Manual,280000,60679,Ford,Figo Aspire,8,6742.111111111111
Petrol,Manual,149000,59000,Toyota,Etios Liva,15,3687.5
Petrol,Missing Transmission,250000,50628,Maruti,Celerio,11,4219.0
Petrol,Manual,450000,73978,Honda,Amaze,4,14795.6
Petrol,Manual,280000,96411,Hyundai,Verna,11,8034.25
CNG,Manual,108000,111778,Maruti,Ritz,14,7451.866666666667
CNG,Manual,150000,103158,Hyundai,i10,12,7935.2307692307695
Petrol,Manual,450000,18144,Tata,PUNCH,4,3628.8
Petrol,Manual,290000,60880,Ford,Ecosport,11,5073.333333333333
Petrol,Manual,79000,84556,Hyundai,Eon,15,5284.75
Petrol,Missing Transmission,300000,255209,Honda,City,11,21267.416666666668
Petrol,Manual,300000,51433,Honda,City,12,3956.3846153846152
Petrol,Manual,260000,104650,Honda,City,12,8050.0
Petrol,Manual,710000,21636,Hyundai,NEW I20,2,7212.0
Petrol,Manual,250000,30900,Hyundai,Elite i20,12,2376.923076923077
Petrol,Manual,289000,45805,Hyundai,Grand i10,10,4164.090909090909
Petrol,Manual,390000,35074,Tata,Tiago,6,5010.571428571428
Petrol,Manual,126000,63179,Maruti,Wagon R 1.0,14,4211.933333333333
CNG,Manual,114999,144561,Maruti,Wagon R 1.0,14,9637.4
Petrol,Manual,645000,41333,Hyundai,Creta,10,3757.5454545454545
Diesel,Missing Transmission,750000,84959,Mahindra,XUV500,9,8495.9
Petrol,Manual,297000,77653,Ford,New Figo,7,9706.625
CNG,Manual,129000,62566,Maruti,Wagon R 1.0,14,4171.066666666667
Petrol,Manual,1175000,53413,KIA,CARENS,4,10682.6
Diesel,Manual,368000,91347,Mahindra,XUV500,10,8304.272727272728
CNG,Manual,280000,143856,Hyundai,i20 Active,11,11988.0
Petrol,Manual,740000,3098,Skoda,Kylaq,1,1549.0
Petrol,Manual,515000,18213,Maruti,Baleno,4,3642.6
Petrol,Manual,470000,34724,Maruti,Swift,5,5787.333333333333
CNG,Manual,229999,121055,Maruti,Wagon R 1.0,9,12105.5
CNG,Manual,185000,128335,Hyundai,i20,13,9166.785714285714
Petrol,Manual,82000,86498,Hyundai,Santro Xing,14,5766.533333333334
Petrol,Manual,645000,7063,Maruti,Vitara Brezza,4,1412.6
Diesel,Manual,339000,102594,Maruti,Baleno,9,10259.4
Petrol,Manual,87000,105292,Maruti,Alto 800,14,7019.466666666666
CNG,Manual,451000,34202,Tata,ALTROZ,4,6840.4
Petrol,Manual,570000,2067,Hyundai,GRAND I10 NIOS,2,689.0
CNG,Manual,78000,269634,Maruti,Wagon R 1.0,15,16852.125
CNG,Manual,350000,210232,Maruti,New Wagon-R,5,35038.666666666664
Petrol,Manual,700000,11018,Tata,NEXON,3,2754.5
Petrol,Manual,105000,88679,Honda,Brio,14,5911.933333333333
Petrol,Manual,140000,125320,Honda,City,15,7832.5
Petrol,Manual,180000,47534,Hyundai,i20,12,3656.4615384615386
CNG,Manual,254999,121729,Maruti,Swift Dzire,10,11066.272727272728
Petrol,Manual,300000,106593,Hyundai,Elite i20,10,9690.272727272728
Petrol,Manual,229999,99679,Ford,Ecosport,11,8306.583333333334
Petrol,Manual,400000,10812,Maruti,New Wagon-R,7,1351.5
Diesel,Manual,350000,263700,Maruti,Dzire,9,26370.0
CNG,Manual,659000,48541,Hyundai,AURA,4,9708.2
Petrol,Manual,85000,76484,Maruti,Ritz,13,5463.142857142857
CNG,Manual,180000,187143,Maruti,Swift Dzire,13,13367.357142857143
Petrol,Missing Transmission,1320000,55984,Hyundai,Creta,5,9330.666666666666
Petrol,Manual,340000,25045,Maruti,Swift,10,2276.818181818182
Petrol,Manual,75000,65039,Maruti,Ritz,14,4335.933333333333
Petrol,Manual,465000,73307,Maruti,Ertiga,10,6664.272727272727
CNG,Manual,220000,79188,Honda,Amaze,11,6599.0
Petrol,Manual,355000,136129,Maruti,Swift,11,11344.083333333334
Petrol,Manual,332000,51132,Hyundai,Verna,11,4261.0
Petrol,Manual,75000,81555,Hyundai,i10,15,5097.1875
Petrol,Manual,163000,54003,Maruti,Wagon R Stingray,13,3857.3571428571427
CNG,Manual,300000,77814,Maruti,Wagon R 1.0,8,8646.0
Petrol,Manual,580000,27379,Toyota,Glanza,1,13689.5
CNG,Missing Transmission,780000,31393,Maruti,Swift,2,10464.333333333334
Petrol,Manual,790000,51435,Maruti,Ertiga,4,10287.0
Petrol,Missing Transmission,1490000,54447,Toyota,Innova Crysta,5,9074.5
CNG,Manual,81000,183414,Maruti,Wagon R 1.0,15,11463.375
Petrol,Manual,82000,53297,Hyundai,i10,15,3331.0625
CNG,Manual,400000,62000,Tata,NEXON,7,7750.0
Petrol,Manual,229999,71730,Ford,Ecosport,11,5977.5
Petrol,Manual,190000,79856,Honda,Amaze,12,6142.7692307692305
Petrol,Manual,400000,61570,Hyundai,Elite i20,9,6157.0
Petrol,Manual,220000,67245,Toyota,Etios,11,5603.75
Petrol,Manual,710000,33530,Hyundai,Verna,7,4191.25
Petrol,Manual,500000,62961,Tata,NEXON,6,8994.42857142857
Petrol,Manual,509999,26326,Maruti,Swift,3,6581.5
Petrol,Manual,325000,16126,Maruti,Alto,4,3225.2
Diesel,Missing Transmission,825000,62480,Mahindra,XUV500,8,6942.222222222223
Petrol,Manual,850000,37790,Hyundai,Creta,7,4723.75
Petrol,Manual,459999,25919,Hyundai,GRAND I10 NIOS,6,3702.714285714286
Petrol,Manual,474000,29164,Maruti,Baleno,5,4860.666666666667
CNG,Manual,340000,111823,Maruti,Dzire,9,11182.3
Petrol,Manual,130000,94687,Maruti,Swift,15,5917.9375
Petrol,Manual,64000,107662,Hyundai,Santro Xing,15,6728.875
CNG,Manual,300000,136783,Tata,Tiago,7,17097.875
CNG,Manual,102000,119665,Volkswagen,Vento,15,7479.0625
Petrol,Manual,329000,93628,Hyundai,Grand i10,8,10403.111111111111
Petrol,Missing Transmission,650000,159054,KIA,SELTOS,7,19881.75
CNG,Manual,304000,81418,Maruti,Wagon R 1.0,8,9046.444444444445
Petrol,Manual,93000,88774,Hyundai,i20,15,5548.375
Petrol,Missing Transmission,470000,64952,Maruti,Swift,7,8119.0
Diesel,Manual,484999,75843,Hyundai,Creta,7,9480.375
Petrol,Manual,173000,109498,Ford,New Figo,11,9124.833333333334
Petrol,Manual,199000,144700,Hyundai,Grand i10,10,13154.545454545454
Petrol,Manual,580000,92107,Hyundai,VENUE,7,11513.375
CNG,Manual,174000,80000,Toyota,Corolla Altis,14,5333.333333333333
Petrol,Manual,91000,51682,Hyundai,Eon,15,3230.125
Petrol,Manual,1100000,12932,KIA,CARENS,2,4310.666666666667
Petrol,Manual,265000,88515,Honda,Jazz,9,8851.5
Petrol,Manual,555000,16830,Maruti,New Wagon-R,2,5610.0
Petrol,Missing Transmission,200000,79848,Toyota,Corolla Altis,14,5323.2
Diesel,Manual,484999,50870,Mahindra,Thar,8,5652.222222222223
CNG,Manual,83000,121825,Maruti,Wagon R 1.0,15,7614.0625
Petrol,Manual,240000,51150,Maruti,Wagon R 1.0,8,5683.333333333333
CNG,Manual,190000,117242,Maruti,Swift Dzire,13,8374.42857142857
Diesel,Missing Transmission,400000,133124,Tata,NEXON,8,14791.555555555555
Petrol,Missing Transmission,291000,46105,Honda,Jazz,10,4191.363636363636
Petrol,Manual,420000,72331,Maruti,Dzire,8,8036.777777777777
CNG,Manual,565000,41869,Maruti,Dzire,4,8373.8
Petrol,Manual,500000,26881,Maruti,Swift,4,5376.2
CNG,Manual,400000,45920,Renault,TRIBER,6,6560.0
CNG,Manual,187000,68253,Hyundai,Verna,14,4550.2
Petrol,Manual,165000,48383,Maruti,Swift Dzire,14,3225.5333333333333
Petrol,Manual,340000,31814,Maruti,Swift,10,2892.181818181818
Petrol,Manual,550000,35756,Honda,City,8,3972.8888888888887
Petrol,Manual,300000,53290,Honda,Amaze,9,5329.0
Petrol,Missing Transmission,610000,50663,Tata,NEXON,5,8443.833333333334
Diesel,Manual,480000,23660,Mahindra,Scorpio,10,2150.909090909091
CNG,Manual,270000,74619,Hyundai,Grand i10,10,6783.545454545455
CNG,Manual,70000,209381,Maruti,Alto,15,13086.3125
Diesel,Manual,470000,35132,Ford,Ecosport,8,3903.5555555555557
Petrol,Manual,300000,98814,Renault,TRIBER,6,14116.285714285714
Petrol,Manual,285000,93301,Hyundai,Elite i20,12,7177.0
Petrol,Manual,74000,88107,Maruti,Zen Estilo,15,5506.6875
Petrol,Manual,392000,88056,Hyundai,Elite i20,8,9784.0
Diesel,Manual,540000,166106,Hyundai,Creta,10,15100.545454545454
CNG,Manual,150000,110000,Hyundai,Verna,14,7333.333333333333
Petrol,Manual,95000,33622,Hyundai,i20,15,2101.375
Diesel,Manual,310000,95482,Ford,Ecosport,10,8680.181818181818
CNG,Manual,240000,124383,Hyundai,Grand i10,11,10365.25
Petrol,Manual,400000,7020,Maruti,S PRESSO,1,3510.0
Petrol,Missing Transmission,344000,88267,Tata,Tiago,9,8826.7
Petrol,Missing Transmission,420000,77736,Honda,City,10,7066.909090909091
Petrol,Manual,250000,135222,Ford,Ecosport,11,11268.5
CNG,Manual,120000,89980,Maruti,Wagon R 1.0,14,5998.666666666667
Petrol,Manual,150000,189643,Toyota,Etios,13,13545.92857142857
Petrol,Manual,561000,103034,Maruti,Vitara Brezza,5,17172.333333333332
Petrol,Missing Transmission,695000,63665,KIA,SONET,5,10610.833333333334
CNG,Manual,450000,82903,Hyundai,GRAND I10 NIOS,6,11843.285714285714
CNG,Manual,280000,61835,Maruti,Wagon R 1.0,8,6870.555555555556
Diesel,Manual,470000,117319,Maruti,S Cross,9,11731.9
Diesel,Manual,750000,135417,Hyundai,Creta,5,22569.5
Petrol,Manual,220000,71900,Hyundai,Grand i10,11,5991.666666666667
Petrol,Missing Transmission,595000,17577,Renault,TRIBER,4,3515.4
Diesel,Manual,480000,50264,Mahindra,TUV300,9,5026.4
Petrol,Manual,330000,61029,Hyundai,Grand i10,9,6102.9
Petrol,Manual,596000,17930,Tata,NEXON,7,2241.25
Petrol,Manual,195000,68692,Honda,Amaze,12,5284.0
Petrol,Manual,380000,37224,Hyundai,Verna,11,3102.0
CNG,Manual,450000,149364,Maruti,Ertiga,10,13578.545454545454
Petrol,Manual,160000,80611,Hyundai,Verna,14,5374.066666666667
CNG,Manual,890000,146066,Maruti,Ertiga,5,24344.333333333332
Petrol,Manual,220000,61711,Renault,Kwid,7,7713.875
Petrol,Manual,250000,7026,Maruti,Swift,12,540.4615384615385
CNG,Manual,350000,74075,Maruti,New Wagon-R,6,10582.142857142857
Petrol,Manual,432000,59787,Tata,TIGOR,5,9964.5
CNG,Manual,620000,72272,Hyundai,AURA,4,14454.4
Petrol,Missing Transmission,710000,36548,Tata,NEXON,5,6091.333333333333
CNG,Manual,750000,35028,Tata,NEXON,4,7005.6
Petrol,Missing Transmission,630000,62930,Honda,City,7,7866.25
Diesel,Manual,600000,65475,Mahindra,XUV500,10,5952.272727272727
CNG,Missing Transmission,280000,112192,Honda,City,12,8630.153846153846
Petrol,Manual,140000,112833,Maruti,Swift Dzire,14,7522.2
Petrol,Manual,450000,80200,Honda,City,8,8911.111111111111
CNG,Manual,509999,109896,Maruti,Baleno,7,13737.0
CNG,Manual,254999,33114,Maruti,Alto,4,6622.8
Petrol,Manual,308000,72432,Honda,City,10,6584.727272727273
CNG,Manual,350000,88548,Tata,Tiago,7,11068.5
Petrol,Manual,370000,66190,Hyundai,Elite i20,11,5515.833333333333
Petrol,Manual,102000,143743,Honda,City,15,8983.9375
Diesel,Manual,775000,61539,Mahindra,XUV500,10,5594.454545454545
Petrol,Missing Transmission,750000,40226,Maruti,Baleno,4,8045.2
Petrol,Manual,355000,17181,Renault,TRIBER,7,2147.625
Petrol,Manual,229999,24617,Honda,Amaze,12,1893.6153846153845
Petrol,Manual,140000,19866,Toyota,Etios,15,1241.625
Petrol,Manual,85000,56123,Maruti,SX4,15,3507.6875
Petrol,Manual,194000,89467,Honda,Amaze,13,6390.5
Petrol,Manual,200000,55331,Honda,Amaze,12,4256.2307692307695
CNG,Manual,240000,139014,Maruti,Eeco,8,15446.0
Petrol,Manual,800000,73245,Hyundai,Verna,4,14649.0
Petrol,Manual,250000,96520,Honda,Mobilio,12,7424.615384615385
Petrol,Missing Transmission,370000,51480,Honda,Jazz,8,5720.0
CNG,Manual,89000,70752,Maruti,Wagon R 1.0,15,4422.0
Petrol,Manual,70000,74086,Chevrolet,Beat,14,4939.066666666667
Petrol,Manual,110000,68378,Honda,Brio,14,4558.533333333334
Petrol,Manual,250000,81013,Hyundai,Grand i10,10,7364.818181818182
Diesel,Manual,340000,155522,Honda,WR-V,9,15552.2
Petrol,Manual,300000,54612,Maruti,Wagon R 1.0,8,6068.0
Diesel,Manual,459999,106934,Maruti,Vitara Brezza,7,13366.75
Petrol,Manual,359000,53895,Maruti,Baleno,10,4899.545454545455
Petrol,Manual,290000,70461,Maruti,Wagon R 1.0,8,7829.0
Petrol,Manual,570000,37074,Maruti,Baleno,4,7414.8
CNG,Manual,400000,86083,Maruti,New Wagon-R,6,12297.57142857143
Petrol,Manual,321000,57480,Maruti,Swift,10,5225.454545454545
Petrol,Manual,420000,62655,Maruti,Swift,6,8950.714285714286
Diesel,Manual,1510000,48790,Mahindra,SCORPIO-N,3,12197.5
CNG,Manual,275000,58261,Maruti,Wagon R 1.0,8,6473.444444444444
Petrol,Manual,85000,67914,Maruti,Wagon R 1.0,15,4244.625
Petrol,Missing Transmission,250000,81697,Ford,Ecosport,12,6284.384615384615
Petrol,Missing Transmission,365000,82940,Honda,City,11,6911.666666666667
CNG,Manual,540000,69663,Hyundai,VENUE,7,8707.875
Petrol,Manual,310000,73157,Hyundai,Elite i20,9,7315.7
CNG,Manual,369000,62390,Hyundai,Elite i20,8,6932.222222222223
CNG,Manual,640000,58284,Hyundai,AURA,3,14571.0
Diesel,Missing Transmission,1100000,105047,Toyota,Innova Crysta,8,11671.888888888889
Diesel,Manual,550000,168744,Hyundai,Verna,7,21093.0
CNG,Manual,422000,37466,Tata,Tiago,4,7493.2
Petrol,Manual,692000,79476,Hyundai,Creta,7,9934.5
Petrol,Manual,170000,150184,Toyota,Etios,14,10012.266666666666
CNG,Manual,80000,166359,Hyundai,Santro Xing,13,11882.785714285714
CNG,Manual,85000,110438,Hyundai,i20,15,6902.375
Petrol,Manual,395000,64377,Maruti,Baleno,6,9196.714285714286
CNG,Manual,229999,57289,Honda,Amaze,11,4774.083333333333
Petrol,Manual,134000,73069,Skoda,Fabia,15,4566.8125
Petrol,Manual,72000,95328,Chevrolet,Spark,13,6809.142857142857
Petrol,Manual,450000,90946,Maruti,Dzire,7,11368.25
Diesel,Manual,852000,61346,Tata,Harrier,7,7668.25
Diesel,Manual,700000,28215,Volkswagen,Polo,7,3526.875
Petrol,Manual,420000,84895,Maruti,Baleno,8,9432.777777777777
CNG,Manual,418000,70496,Maruti,New Wagon-R,6,10070.857142857143
Petrol,Manual,247000,77076,Hyundai,Grand i10,10,7006.909090909091
Petrol,Manual,87000,85000,Hyundai,i20,15,5312.5
Petrol,Manual,130000,66091,Honda,Brio,14,4406.066666666667
Petrol,Manual,475000,60323,Maruti,Dzire,4,12064.6
Petrol,Manual,114999,77515,Honda,Brio,14,5167.666666666667
Petrol,Manual,300000,65317,Hyundai,Grand i10,11,5443.083333333333
Petrol,Missing Transmission,133000,70374,Hyundai,i10,15,4398.375
CNG,Manual,84000,97160,Hyundai,i10,15,6072.5
Petrol,Manual,790000,42922,Hyundai,Verna,7,5365.25
Petrol,Manual,390000,109793,Maruti,Swift,5,18298.833333333332
CNG,Manual,550000,53222,Hyundai,GRAND I10 NIOS,2,17740.666666666668
Petrol,Manual,470000,61239,Toyota,Glanza,5,10206.5
Petrol,Manual,85000,101436,Hyundai,i10,14,6762.4
Petrol,Manual,229999,41296,Hyundai,Xcent,12,3176.6153846153848
Petrol,Missing Transmission,400000,91260,Hyundai,Creta,10,8296.363636363636
Petrol,Manual,640000,22891,Maruti,Swift,2,7630.333333333333
Petrol,Manual,206000,81472,Hyundai,i20,12,6267.076923076923
Diesel,Manual,415000,49632,Mahindra,TUV300,9,4963.2
CNG,Manual,520000,38069,Hyundai,GRAND I10 NIOS,4,7613.8
Petrol,Manual,360000,39781,Maruti,New Wagon-R,4,7956.2
CNG,Manual,70000,95285,Hyundai,Santro Xing,14,6352.333333333333
CNG,Manual,550000,68593,Tata,PUNCH,3,17148.25
Petrol,Manual,447000,61889,Honda,Amaze,8,6876.555555555556
Petrol,Manual,500000,71501,Maruti,Baleno,6,10214.42857142857
Petrol,Missing Transmission,280000,73566,Mercedes,Benz E Class,15,4597.875
CNG,Manual,315000,57682,Maruti,Swift,10,5243.818181818182
Petrol,Manual,360000,62292,Renault,TRIBER,6,8898.857142857143
CNG,Manual,265000,99880,Hyundai,Grand i10,10,9080.0
CNG,Manual,400000,74396,Honda,Jazz,7,9299.5
Petrol,Manual,570000,37222,Maruti,Vitara Brezza,5,6203.666666666667
Petrol,Manual,85000,33621,Maruti,Alto,15,2101.3125
CNG,Manual,66000,106897,Maruti,Alto,15,6681.0625
Petrol,Manual,640000,90040,Maruti,BREZZA,4,18008.0
Petrol,Manual,127000,67333,Honda,Brio,14,4488.866666666667
Petrol,Manual,373000,110392,Maruti,Baleno,10,10035.636363636364
CNG,Manual,375000,108145,Maruti,Dzire,7,13518.125
Petrol,Missing Transmission,250000,131257,Maruti,Celerio,9,13125.7
CNG,Manual,100000,173336,Toyota,Etios,15,10833.5
Petrol,Manual,630000,67185,Hyundai,Creta,9,6718.5
Petrol,Manual,400000,78266,Maruti,Baleno,7,9783.25
Diesel,Manual,800000,74872,Hyundai,Creta,6,10696.0
Diesel,Manual,473000,96173,Maruti,Vitara Brezza,8,10685.888888888889
CNG,Manual,123000,35408,Toyota,Etios Liva,15,2213.0
CNG,Manual,129000,152371,Maruti,Swift Dzire,14,10158.066666666668
Petrol,Manual,345000,91205,Renault,TRIBER,6,13029.285714285714
CNG,Manual,432000,44622,Honda,Amaze,7,5577.75
CNG,Manual,390000,57103,Hyundai,Elite i20,8,6344.777777777777
Petrol,Manual,270000,60470,Hyundai,Grand i10,9,6047.0
CNG,Manual,150000,171451,Maruti,Swift Dzire,14,11430.066666666668
Diesel,Manual,540000,93195,Renault,Duster,7,11649.375
CNG,Manual,1235000,3651,Maruti,Grand Vitara,1,1825.5
Diesel,Missing Transmission,390000,187045,Mahindra,XUV500,10,17004.090909090908
CNG,Manual,91000,51506,Hyundai,i10,14,3433.733333333333
Petrol,Missing Transmission,550000,19935,Hyundai,GRAND I10 NIOS,4,3987.0
CNG,Manual,550000,60489,Tata,NEXON,5,10081.5
Petrol,Manual,250000,62948,Ford,Figo Aspire,9,6294.8
Petrol,Manual,95000,129030,Hyundai,i20,15,8064.375
Petrol,Missing Transmission,450000,9920,Tata,Tiago,2,3306.6666666666665
Petrol,Manual,85000,113742,Hyundai,Eon,14,7582.8
Petrol,Manual,220000,26022,Toyota,Corolla Altis,13,1858.7142857142858
Petrol,Missing Transmission,250000,109403,Honda,Jazz,10,9945.727272727272
Petrol,Manual,112999,38473,Hyundai,i10,14,2564.866666666667
Petrol,Manual,210000,51520,Honda,City,15,3220.0
Petrol,Manual,290000,106158,Honda,Amaze,10,9650.727272727272
Petrol,Manual,525000,43707,Maruti,Ciaz,4,8741.4
Petrol,Missing Transmission,190000,52368,Honda,Brio,12,4028.3076923076924
Petrol,Manual,325000,123630,Ford,Ecosport,10,11239.09090909091
Petrol,Manual,110000,90292,Datsun,Go,11,7524.333333333333
Petrol,Manual,975000,63437,KIA,CARENS,4,12687.4
CNG,Manual,64000,79238,Hyundai,Santro Xing,15,4952.375
Petrol,Manual,480000,34286,Ford,Ecosport,8,3809.5555555555557
CNG,Manual,330000,85935,Hyundai,Elite i20,9,8593.5
CNG,Manual,923000,7332,Tata,PUNCH,1,3666.0
Petrol,Manual,260000,30566,Renault,Kwid,5,5094.333333333333
CNG,Manual,76000,75772,Hyundai,i10,15,4735.75
Petrol,Manual,350000,66568,Hyundai,Grand i10,9,6656.8
CNG,Manual,400000,86451,Maruti,New Wagon-R,6,12350.142857142857
CNG,Manual,380000,104226,Maruti,New Wagon-R,5,17371.0
Diesel,Manual,345000,154578,Mahindra,TUV300,10,14052.545454545454
Petrol,Manual,210000,78454,Hyundai,i20,12,6034.923076923077
CNG,Manual,476000,58271,Renault,Kiger,5,9711.833333333334
Petrol,Manual,420000,32377,Maruti,IGNIS,4,6475.4
Petrol,Manual,128000,76186,Honda,City,15,4761.625
Petrol,Manual,524000,55144,Hyundai,VENUE,5,9190.666666666666
Petrol,Manual,150000,89275,Maruti,Swift Dzire,14,5951.666666666667
CNG,Manual,263000,121197,Maruti,Eeco,8,13466.333333333334
Petrol,Manual,501000,30384,Hyundai,EXTER,2,10128.0
Petrol,Manual,400000,148232,Honda,City,10,13475.636363636364
Petrol,Manual,105000,68350,Hyundai,i10,14,4556.666666666667
Petrol,Manual,570000,63306,Tata,PUNCH,4,12661.2
Petrol,Manual,515000,8896,Maruti,IGNIS,2,2965.3333333333335
Petrol,Manual,1346000,13953,Mahindra,SCORPIO-N,2,4651.0
Petrol,Missing Transmission,378000,99638,Honda,BR-V,10,9058.0
Petrol,Manual,320000,94331,Honda,City,11,7860.916666666667
CNG,Manual,475000,62309,Tata,ALTROZ,5,10384.833333333334
Petrol,Manual,100000,57170,Hyundai,i20,15,3573.125
Petrol,Manual,66000,75393,Maruti,Zen Estilo,15,4712.0625
Petrol,Missing Transmission,1330000,16286,Mahindra,Thar,3,4071.5
Petrol,Manual,160000,21043,Honda,Brio,14,1402.8666666666666
Petrol,Manual,102000,87448,Honda,Brio,15,5465.5
CNG,Manual,112999,139417,Maruti,Wagon R 1.0,14,9294.466666666667
Petrol,Manual,135000,104411,Hyundai,Verna,15,6525.6875
Petrol,Manual,95000,106073,Maruti,Alto K10,14,7071.533333333334
Petrol,Manual,400000,46608,Maruti,Dzire,7,5826.0
CNG,Manual,673000,43243,Tata,NEXON,3,10810.75
CNG,Manual,279000,84638,Hyundai,Elite i20,11,7053.166666666667
Diesel,Manual,235000,64045,Mahindra,KUV 100 NXT,8,7116.111111111111
Petrol,Missing Transmission,470000,44274,Ford,Ecosport,10,4024.909090909091
Petrol,Manual,420000,98261,Maruti,Swift,7,12282.625
Petrol,Manual,800000,86575,Hyundai,Verna,5,14429.166666666666
Petrol,Manual,850000,30143,Tata,NEXON,2,10047.666666666666
CNG,Manual,265000,72745,Hyundai,Grand i10,10,6613.181818181818
Petrol,Manual,500000,80643,Tata,ALTROZ,5,13440.5
Petrol,Manual,409999,39009,Nissan,MAGNITE,5,6501.5
CNG,Manual,85000,89181,Maruti,Wagon R 1.0,15,5573.8125
CNG,Manual,459000,79805,Tata,NEXON,6,11400.714285714286
Petrol,Manual,210000,102115,Honda,City,13,7293.928571428572
Petrol,Manual,66000,80613,Hyundai,i10,15,5038.3125
CNG,Manual,110000,98569,Maruti,Ritz,14,6571.266666666666
Petrol,Manual,130000,65590,Volkswagen,Vento,15,4099.375
Diesel,Manual,450000,98606,Maruti,Ciaz,8,10956.222222222223
Petrol,Manual,420000,21640,Maruti,Dzire,9,2164.0
Petrol,Manual,345000,62648,Hyundai,Grand i10,10,5695.272727272727
CNG,Manual,109000,126901,Maruti,Wagon R 1.0,14,8460.066666666668
CNG,Manual,110000,67185,Honda,Brio,14,4479.0
CNG,Manual,150000,79097,Toyota,Etios,14,5273.133333333333
Petrol,Manual,126000,32256,Maruti,Ritz,14,2150.4
Petrol,Manual,1075000,3586,Maruti,Grand Vitara,1,1793.0
CNG,Manual,90000,60383,Maruti,Wagon R 1.0,14,4025.5333333333333
Diesel,Manual,390000,170000,Mahindra,TUV300,9,17000.0
CNG,Manual,119000,48123,Hyundai,i10,14,3208.2
CNG,Manual,150000,82660,Maruti,Swift,15,5166.25
CNG,Manual,100000,74072,Maruti,Zen Estilo,14,4938.133333333333
Petrol,Manual,1100000,48288,KIA,CARENS,4,9657.6
Petrol,Manual,225000,86856,Honda,City,14,5790.4
Petrol,Manual,680000,12114,Mahindra,XUV 3XO,2,4038.0
Petrol,Manual,163000,56498,Hyundai,Verna,15,3531.125
Diesel,Manual,360000,43461,Maruti,Ciaz,10,3951.0
CNG,Manual,350000,63445,Maruti,Wagon R 1.0,8,7049.444444444444
Petrol,Manual,644000,95214,Maruti,BREZZA,4,19042.8
Petrol,Missing Transmission,450000,105445,Hyundai,Creta,9,10544.5
Petrol,Manual,135000,100000,Honda,Brio,13,7142.857142857143
Petrol,Manual,980000,6753,KIA,CARENS,2,2251.0
Petrol,Manual,100000,22340,Hyundai,i10,14,1489.3333333333333
Petrol,Manual,150000,69144,Hyundai,Verna,15,4321.5
Petrol,Manual,450000,58937,Hyundai,Elite i20,9,5893.7
Petrol,Manual,236000,95000,Ford,Ecosport,12,7307.692307692308
CNG,Manual,56999,213338,Hyundai,Santro Xing,15,13333.625
CNG,Manual,60000,95603,Maruti,Alto,15,5975.1875
Petrol,Manual,670000,2598,Maruti,Baleno,1,1299.0
Petrol,Manual,562000,18109,Maruti,Dzire,4,3621.8
Petrol,Manual,480000,38376,Maruti,Swift,4,7675.2
Diesel,Manual,400000,187275,Maruti,Dzire,9,18727.5
Petrol,Manual,65000,43835,Hyundai,Santro Xing,15,2739.6875
CNG,Manual,87000,97409,Maruti,Wagon R 1.0,14,6493.933333333333
Diesel,Missing Transmission,499000,50604,Maruti,Vitara Brezza,7,6325.5
Petrol,Missing Transmission,459999,66060,Maruti,Dzire,7,8257.5
Petrol,Manual,640000,25403,Tata,PUNCH,2,8467.666666666666
Petrol,Manual,650000,26502,Maruti,Swift,5,4417.0
Petrol,Manual,419000,95753,Hyundai,Creta,10,8704.818181818182
Petrol,Manual,430000,78700,Hyundai,Creta,10,7154.545454545455
Petrol,Missing Transmission,525000,24410,Tata,ALTROZ,4,4882.0
Petrol,Manual,114999,25512,Maruti,Alto K10,14,1700.8
Petrol,Manual,750000,32674,Tata,NEXON,4,6534.8
Petrol,Manual,355000,48493,Hyundai,Elite i20,9,4849.3
Petrol,Manual,325000,54826,Renault,TRIBER,7,6853.25
CNG,Manual,81000,40675,Hyundai,Eon,14,2711.6666666666665
Diesel,Manual,280000,96602,Mahindra,TUV300,10,8782.0
Petrol,Manual,440000,19052,Maruti,Swift,6,2721.714285714286
Diesel,Manual,360000,97373,Hyundai,Elite i20,10,8852.09090909091
Petrol,Manual,380000,82931,Honda,City,10,7539.181818181818
Petrol,Manual,600000,65378,Hyundai,Creta,7,8172.25
Petrol,Manual,92000,85971,Skoda,Fabia,15,5373.1875
CNG,Manual,330000,115476,Maruti,Baleno,8,12830.666666666666
Diesel,Manual,1230000,46682,Mahindra,Thar,3,11670.5
Petrol,Missing Transmission,340000,93026,Hyundai,Grand i10,9,9302.6
Petrol,Manual,97000,91421,Tata,Indica Vista,14,6094.733333333334
CNG,Manual,350000,40720,Tata,Tiago,7,5090.0
Diesel,Missing Transmission,450000,84425,Tata,Hexa,9,8442.5
Diesel,Manual,475000,66653,Honda,WR-V,7,8331.625
CNG,Manual,80000,178383,Maruti,Swift Dzire,15,11148.9375
Petrol,Manual,100000,111433,Volkswagen,Vento,15,6964.5625
Petrol,Manual,600000,25104,Tata,NEXON,3,6276.0
CNG,Manual,459999,40159,Maruti,New Wagon-R,6,5737.0
CNG,Manual,85000,84484,Hyundai,i10,14,5632.266666666666
CNG,Manual,300000,138971,Toyota,Corolla Altis,12,10690.076923076924
Petrol,Manual,370000,16849,Maruti,S PRESSO,4,3369.8
Petrol,Missing Transmission,880000,81561,Maruti,XL6,7,10195.125
Diesel,Missing Transmission,1970000,37453,Mahindra,XUV700,2,12484.333333333334
Petrol,Manual,70000,61389,Hyundai,i10,15,3836.8125
Petrol,Missing Transmission,420000,71518,Honda,City,11,5959.833333333333
CNG,Manual,420000,36358,Hyundai,Xcent,8,4039.777777777778
CNG,Manual,331000,89384,Maruti,New Wagon-R,7,11173.0
Petrol,Manual,440000,66030,Maruti,Baleno,6,9432.857142857143
Petrol,Manual,752000,53052,Maruti,XL6,5,8842.0
Petrol,Manual,160000,56424,Toyota,Etios,14,3761.6
Petrol,Manual,350000,123621,Hyundai,Elite i20,9,12362.1
Petrol,Manual,320000,19728,Hyundai,Grand i10,10,1793.4545454545455
Petrol,Manual,900000,29034,Hyundai,Creta,3,7258.5
Diesel,Manual,346000,70423,Mahindra,Xylo,7,8802.875
CNG,Manual,88000,82264,Maruti,Alto K10,15,5141.5
CNG,Manual,92000,133232,Maruti,Zen Estilo,14,8882.133333333333
CNG,Manual,130000,117856,Maruti,Swift,15,7366.0
Petrol,Manual,560000,4588,Hyundai,GRAND I10 NIOS,2,1529.3333333333333
Diesel,Missing Transmission,1110000,92405,Mahindra,Thar,5,15400.833333333334
Petrol,Manual,1150000,5859,Hyundai,Creta,2,1953.0
Petrol,Manual,89000,32184,Hyundai,i10,15,2011.5
Petrol,Manual,458000,100436,Maruti,Swift,6,14348.0
CNG,Manual,366000,122010,Maruti,Baleno,7,15251.25
Petrol,Manual,700000,67568,Hyundai,Creta,8,7507.555555555556
Petrol,Missing Transmission,434999,65794,Maruti,Baleno,8,7310.444444444444
CNG,Manual,825000,119830,Maruti,Ertiga,6,17118.571428571428
CNG,Manual,400000,81116,Honda,WR-V,9,8111.6
CNG,Manual,252000,94967,Hyundai,Grand i10,10,8633.363636363636
Diesel,Manual,365000,169449,Tata,NEXON,7,21181.125
Petrol,Missing Transmission,398000,44475,Maruti,IGNIS,7,5559.375
Diesel,Manual,450000,206521,Maruti,Vitara Brezza,10,18774.636363636364
Petrol,Manual,340000,41931,Hyundai,Grand i10,10,3811.909090909091
CNG,Manual,100000,125866,Maruti,Swift,15,7866.625
CNG,Manual,900000,93762,Maruti,Ertiga,4,18752.4
CNG,Manual,130000,131254,Maruti,Eeco,13,9375.285714285714
CNG,Manual,275000,61544,Maruti,Celerio,10,5594.909090909091
Petrol,Manual,110000,69095,Hyundai,i20,15,4318.4375
Petrol,Manual,1100000,15059,KIA,CARENS,2,5019.666666666667
Petrol,Manual,160000,18850,Maruti,Wagon R 1.0,13,1346.4285714285713
Petrol,Manual,750000,33659,Maruti,Ciaz,4,6731.8
Petrol,Manual,350000,62667,Hyundai,Elite i20,10,5697.0
Diesel,Manual,900000,62244,Tata,Harrier,7,7780.5
Petrol,Manual,700000,36123,Maruti,Vitara Brezza,6,5160.428571428572
Petrol,Manual,131000,109137,Toyota,Etios Liva,14,7275.8
Petrol,Manual,320000,48171,Honda,Jazz,9,4817.1
CNG,Manual,103000,81466,Maruti,Wagon R 1.0,14,5431.066666666667
Petrol,Manual,340000,53759,Maruti,Baleno,9,5375.9
CNG,Manual,265000,137000,Maruti,Celerio,9,13700.0
Petrol,Manual,520000,75302,Maruti,Vitara Brezza,6,10757.42857142857
Petrol,Manual,280000,79813,Ford,Ecosport,11,6651.083333333333
CNG,Manual,74000,135236,Hyundai,i10,15,8452.25
Diesel,Manual,509999,89416,Maruti,Vitara Brezza,8,9935.111111111111
Petrol,Manual,340000,61934,Hyundai,Verna,10,5630.363636363636
Diesel,Missing Transmission,700000,83127,Hyundai,Creta,7,10390.875
CNG,Manual,229999,121665,Honda,Amaze,11,10138.75
Petrol,Manual,550000,54737,Jeep,Compass,8,6081.888888888889
Petrol,Missing Transmission,380000,62948,Toyota,Corolla Altis,12,4842.153846153846
Petrol,Manual,67000,82191,Hyundai,Santro Xing,14,5479.4
CNG,Manual,320000,37992,Maruti,Wagon R 1.0,9,3799.2
CNG,Manual,486000,58505,Maruti,New Wagon-R,4,11701.0
Petrol,Missing Transmission,620000,72312,Hyundai,Creta,8,8034.666666666667
Petrol,Manual,400000,110885,Maruti,Swift,7,13860.625
Petrol,Manual,135000,102051,Honda,City,15,6378.1875
Petrol,Missing Transmission,1889999,30737,Mahindra,SCORPIO-N,3,7684.25
Petrol,Manual,380000,41504,Honda,Amaze,9,4150.4
Petrol,Manual,620000,60200,Ford,Ecosport,6,8600.0
CNG,Manual,330000,69812,Hyundai,NEW SANTRO,7,8726.5
CNG,Manual,105000,78461,Hyundai,i10,14,5230.733333333334
CNG,Manual,830000,166813,Maruti,Ertiga,5,27802.166666666668
CNG,Manual,580000,92934,Hyundai,AURA,5,15489.0
CNG,Manual,78000,124691,Maruti,Wagon R 1.0,15,7793.1875
Petrol,Manual,469000,18881,Maruti,IGNIS,4,3776.2
CNG,Manual,280000,117509,Toyota,Etios Liva,10,10682.636363636364
Petrol,Manual,147000,14893,Hyundai,i10,14,992.8666666666667
Diesel,Manual,380000,293370,Mahindra,MARAZZO,8,32596.666666666668
Petrol,Manual,340000,88620,Maruti,Ciaz,11,7385.0
Petrol,Manual,810000,83279,Maruti,XL6,5,13879.833333333334
Petrol,Manual,465000,71239,Honda,Amaze,8,7915.444444444444
Petrol,Manual,650000,94608,Maruti,Ciaz,5,15768.0
Petrol,Manual,780000,40384,Hyundai,Verna,6,5769.142857142857
Petrol,Manual,1475000,33290,Mahindra,XUV700,4,6658.0
CNG,Manual,490000,45586,Maruti,Ertiga,10,4144.181818181818
CNG,Manual,106000,84902,Maruti,Alto 800,14,5660.133333333333
Petrol,Manual,220000,64912,Honda,Brio,12,4993.2307692307695
Petrol,Manual,112000,34605,Maruti,Wagon R 1.0,14,2307.0
CNG,Manual,390000,52866,Maruti,New Wagon-R,5,8811.0
CNG,Manual,290000,78247,Hyundai,Grand i10,10,7113.363636363636
CNG,Manual,295000,96879,Maruti,IGNIS,9,9687.9
Petrol,Manual,869999,24734,KIA,SELTOS,5,4122.333333333333
Diesel,Missing Transmission,308000,99124,Renault,Duster,10,9011.272727272728
Petrol,Manual,520000,13687,Maruti,IGNIS,2,4562.333333333333
CNG,Manual,660000,76766,Toyota,Glanza,4,15353.2
Petrol,Manual,72000,77815,Hyundai,i10,15,4863.4375
Petrol,Missing Transmission,1050000,76530,Honda,Civic,7,9566.25
Petrol,Manual,81000,41427,Hyundai,Eon,15,2589.1875
Petrol,Missing Transmission,800000,21348,Tata,PUNCH,2,7116.0
Petrol,Manual,425000,81771,Hyundai,Elite i20,8,9085.666666666666
Petrol,Missing Transmission,1035000,33301,Mahindra,Thar,5,5550.166666666667
Petrol,Manual,300000,78776,Maruti,Ciaz,12,6059.692307692308
Petrol,Manual,102000,18302,Hyundai,i10,14,1220.1333333333334
CNG,Manual,450000,52990,Honda,Amaze,7,6623.75
Petrol,Manual,88000,38000,Hyundai,i10,14,2533.3333333333335
Petrol,Manual,429000,63000,Hyundai,Creta,10,5727.272727272727
Petrol,Manual,800000,82833,Hyundai,Tucson,7,10354.125
CNG,Manual,268000,108029,Hyundai,Grand i10,10,9820.818181818182
Diesel,Manual,400000,44125,Maruti,Vitara Brezza,9,4412.5
CNG,Manual,271000,67823,Hyundai,Grand i10,10,6165.727272727273
Diesel,Manual,1226000,88507,Tata,Harrier,5,14751.166666666666
Petrol,Manual,120000,26845,Maruti,Alto K10,14,1789.6666666666667
CNG,Manual,320000,66352,Hyundai,Elite i20,10,6032.0
Petrol,Manual,750000,47388,KIA,SONET,5,7898.0
CNG,Manual,80000,114662,Hyundai,i10,15,7166.375
Petrol,Manual,250000,81687,Honda,Jazz,10,7426.090909090909
Petrol,Manual,450000,28864,Maruti,IGNIS,4,5772.8
Diesel,Manual,470000,60890,Maruti,S Cross,9,6089.0
Petrol,Missing Transmission,350000,118093,Honda,City,11,9841.083333333334
CNG,Manual,130000,215082,Maruti,Wagon R 1.0,13,15363.0
Petrol,Manual,190000,114090,Honda,City,14,7606.0
Petrol,Manual,880000,35207,Tata,NEXON,3,8801.75
CNG,Manual,360000,87590,Maruti,New Wagon-R,7,10948.75
CNG,Manual,380000,69642,Tata,Tiago,5,11607.0
CNG,Manual,600000,86983,Honda,City,7,10872.875
Petrol,Manual,626000,19000,Tata,NEXON,5,3166.6666666666665
Petrol,Manual,83000,68562,Maruti,Wagon R 1.0,15,4285.125
Petrol,Manual,135000,37800,Maruti,Swift Dzire,15,2362.5
Petrol,Missing Transmission,800000,117826,Hyundai,Creta,7,14728.25
Petrol,Manual,1100000,53817,KIA,CARENS,2,17939.0
Petrol,Manual,450000,104484,Hyundai,VENUE,7,13060.5
CNG,Manual,280000,131873,Hyundai,Xcent,9,13187.3
Petrol,Missing Transmission,600000,120328,Hyundai,Creta,8,13369.777777777777
Petrol,Manual,108000,41850,Maruti,Alto K10,14,2790.0
CNG,Manual,349000,105340,Maruti,Celerio,7,13167.5
Diesel,Manual,1110000,115944,Mahindra,Thar,3,28986.0
Petrol,Manual,252000,30991,Hyundai,Grand i10,11,2582.5833333333335
Petrol,Manual,540000,9952,Tata,PUNCH,4,1990.4
Hybrid,Missing Transmission,1500000,99187,Maruti,Grand Vitara,2,33062.333333333336
Petrol,Manual,130000,155614,Renault,Scala,14,10374.266666666666
Petrol,Manual,285000,61852,Ford,Ecosport,10,5622.909090909091
Petrol,Manual,600000,53692,Toyota,YARIS,6,7670.285714285715
Petrol,Missing Transmission,639000,124833,Hyundai,Creta,8,13870.333333333334
CNG,Manual,740000,48493,Honda,City,4,9698.6
Petrol,Manual,946000,3844,Hyundai,Creta,4,768.8
CNG,Manual,54000,77999,Hyundai,Santro Xing,15,4874.9375
Petrol,Manual,580000,23393,Tata,ALTROZ,6,3341.8571428571427
Petrol,Missing Transmission,500000,44500,Maruti,Ciaz,9,4450.0
Petrol,Missing Transmission,409999,96834,Maruti,Baleno,8,10759.333333333334
Diesel,Manual,440000,93575,Maruti,Ciaz,8,10397.222222222223
CNG,Manual,70000,108382,Maruti,Wagon R 1.0,15,6773.875
Petrol,Manual,350000,72486,Maruti,Baleno,8,8054.0
CNG,Manual,70000,103404,Maruti,Wagon R 1.0,15,6462.75
Petrol,Missing Transmission,165000,119674,Honda,City,15,7479.625
Petrol,Manual,1270000,92377,Hyundai,Creta,3,23094.25
Petrol,Manual,254999,56013,Ford,Figo Aspire,10,5092.090909090909
Petrol,Manual,105000,45862,Maruti,Wagon R 1.0,14,3057.4666666666667
Petrol,Manual,459999,27119,Hyundai,AURA,6,3874.1428571428573
Petrol,Manual,70000,69817,Maruti,Zen Estilo,14,4654.466666666666
Petrol,Missing Transmission,560000,78639,Tata,TIGOR,5,13106.5
Diesel,Manual,630000,72660,Hyundai,Verna,9,7266.0
Petrol,Manual,1140000,64404,Maruti,Grand Vitara,4,12880.8
Petrol,Manual,420000,73138,Maruti,Baleno,7,9142.25
CNG,Manual,194000,128424,Honda,City,14,8561.6
Diesel,Manual,298000,155967,Ford,Ecosport,10,14178.818181818182
Petrol,Manual,100000,78603,Honda,Brio,14,5240.2
CNG,Manual,107000,46190,Maruti,Wagon R 1.0,14,3079.3333333333335
Petrol,Manual,260000,20901,Maruti,Wagon R 1.0,8,2322.3333333333335
Petrol,Manual,500000,85208,Hyundai,New Elantra,10,7746.181818181818
CNG,Manual,90000,106243,Hyundai,i10,14,7082.866666666667
Petrol,Missing Transmission,509999,47218,Maruti,Dzire,5,7869.666666666667
Petrol,Manual,84000,150321,Hyundai,i20,15,9395.0625
Petrol,Missing Transmission,525000,41697,Toyota,YARIS,5,6949.5
CNG,Manual,380000,60954,Maruti,Alto K10,3,15238.5
Petrol,Missing Transmission,650000,37332,Hyundai,Creta,9,3733.2
Petrol,Missing Transmission,315000,70498,Tata,Tiago,8,7833.111111111111
Petrol,Missing Transmission,380000,111039,Tata,NEXON,8,12337.666666666666
CNG,Manual,750000,4978,Tata,PUNCH,2,1659.3333333333333
CNG,Manual,386000,78819,Maruti,New Wagon-R,5,13136.5
Petrol,Missing Transmission,565000,73138,Toyota,Corolla Altis,10,6648.909090909091
Petrol,Missing Transmission,430000,62667,Maruti,Dzire,8,6963.0
Petrol,Manual,198000,95574,Ford,Ecosport,13,6826.714285714285
Petrol,Manual,370000,49558,Maruti,New Wagon-R,7,6194.75
Diesel,Manual,444000,145495,Maruti,Vitara Brezza,8,16166.111111111111
Petrol,Missing Transmission,300000,126268,Honda,City,12,9712.923076923076
Petrol,Missing Transmission,350000,56937,Tata,Tiago,8,6326.333333333333
Petrol,Manual,280000,73467,Honda,Mobilio,12,5651.307692307692
Petrol,Missing Transmission,434999,54584,Tata,Tiago,4,10916.8
Petrol,Manual,700000,64992,Honda,City,7,8124.0
CNG,Manual,420000,126257,Hyundai,Creta,9,12625.7
Petrol,Manual,434999,97034,Hyundai,Creta,9,9703.4
Diesel,Missing Transmission,520000,164696,Hyundai,Creta,10,14972.363636363636
Diesel,Manual,484999,107301,Toyota,Corolla Altis,10,9754.636363636364
Petrol,Manual,145000,86150,Honda,City,15,5384.375
Petrol,Missing Transmission,470000,72500,Toyota,YARIS,8,8055.555555555556
Petrol,Missing Transmission,600000,80862,Maruti,Baleno,3,20215.5
CNG,Manual,313000,68388,Hyundai,Grand i10,8,7598.666666666667
Petrol,Manual,450000,32845,Maruti,Dzire,8,3649.4444444444443
Petrol,Manual,112000,89351,Toyota,Etios,15,5584.4375
Petrol,Manual,342000,81155,Maruti,Baleno,9,8115.5
Petrol,Manual,220000,120238,Maruti,Ertiga,14,8015.866666666667
CNG,Manual,450000,53405,Maruti,New Wagon-R,5,8900.833333333334
CNG,Manual,306000,109584,Maruti,New Wagon-R,7,13698.0
Petrol,Manual,250000,75477,Hyundai,Grand i10,10,6861.545454545455
Petrol,Manual,600000,5152,Maruti,Swift,1,2576.0
Petrol,Manual,600000,32214,KIA,SONET,6,4602.0
Petrol,Manual,310000,157848,Honda,City,12,12142.153846153846
Diesel,Missing Transmission,620000,27969,Maruti,Vitara Brezza,7,3496.125
Diesel,Manual,300000,284331,Mahindra,TUV300,10,25848.272727272728
Diesel,Manual,470000,74277,Ford,Ecosport,8,8253.0
CNG,Manual,134000,98683,Maruti,Swift,15,6167.6875
Petrol,Missing Transmission,570000,19936,Nissan,MAGNITE,2,6645.333333333333
Petrol,Manual,120000,45721,Honda,Brio,14,3048.0666666666666
Petrol,Manual,395000,60586,Maruti,Baleno,9,6058.6
Petrol,Manual,650000,61698,Hyundai,VENUE,7,7712.25
Petrol,Missing Transmission,250000,133608,Honda,Jazz,11,11134.0
Petrol,Manual,500000,38673,Toyota,YARIS,8,4297.0
CNG,Manual,869999,13510,Tata,NEXON,3,3377.5
Petrol,Missing Transmission,415000,74462,Hyundai,Creta,10,6769.272727272727
Diesel,Manual,325000,185570,Honda,WR-V,9,18557.0
Petrol,Manual,890000,10627,Honda,WR-V,4,2125.4
Petrol,Missing Transmission,1150000,47721,Hyundai,Creta,4,9544.2
Diesel,Manual,1065000,51850,Hyundai,Creta,3,12962.5
Diesel,Manual,1450000,57094,Mahindra,XUV700,5,9515.666666666666
Petrol,Manual,380000,43585,Tata,TIGOR,7,5448.125
Diesel,Manual,300000,53371,Renault,Lodgy,10,4851.909090909091
Petrol,Manual,114999,110657,Honda,City,15,6916.0625
Diesel,Missing Transmission,700000,62978,Tata,NEXON,5,10496.333333333334
Petrol,Manual,245000,67083,Maruti,Ciaz,12,5160.2307692307695
Petrol,Manual,791000,18143,Skoda,KUSHAQ,4,3628.6
Petrol,Missing Transmission,420000,55597,Maruti,Ciaz,9,5559.7
Petrol,Manual,649000,106141,KIA,SONET,6,15163.0
Petrol,Manual,1150000,56321,Mahindra,XUV700,4,11264.2
CNG,Manual,800000,80206,Hyundai,Verna,5,13367.666666666666
CNG,Manual,830000,15929,Maruti,BREZZA,1,7964.5
CNG,Manual,600000,102748,Hyundai,AURA,3,25687.0
Petrol,Missing Transmission,595000,17049,Ford,Ecosport,7,2131.125
Petrol,Missing Transmission,447000,109745,Honda,Amaze,7,13718.125
Diesel,Manual,700000,66297,Mahindra,XUV500,7,8287.125
Petrol,Manual,560000,83408,Maruti,Vitara Brezza,5,13901.333333333334
Petrol,Missing Transmission,705000,80922,Maruti,Ertiga,4,16184.4
Petrol,Manual,520000,62443,Maruti,Baleno,5,10407.166666666666
Petrol,Manual,400000,37484,Tata,Tiago,2,12494.666666666666
CNG,Manual,300000,126811,Maruti,Ertiga,12,9754.692307692309
Petrol,Manual,345000,63016,Tata,Tiago,7,7877.0
Petrol,Manual,309000,82877,Maruti,Ciaz,11,6906.416666666667
Petrol,Manual,175000,119794,Honda,City,14,7986.266666666666
Petrol,Missing Transmission,300000,48858,Maruti,Celerio,9,4885.8
Petrol,Manual,560000,60913,Hyundai,NEW I20,3,15228.25
CNG,Manual,610000,60467,Hyundai,EXTER,2,20155.666666666668
CNG,Manual,250000,120515,Hyundai,Grand i10,11,10042.916666666666
Diesel,Missing Transmission,520000,97937,Hyundai,Creta,9,9793.7
Petrol,Manual,840000,3947,Tata,NEXON,3,986.75
Petrol,Manual,254000,28028,Renault,Duster,12,2156.0
Petrol,Manual,605000,19099,Tata,ALTROZ,2,6366.333333333333
Petrol,Manual,670000,78238,Volkswagen,Polo,6,11176.857142857143
Petrol,Manual,320000,90621,Maruti,Ciaz,11,7551.75
Petrol,Manual,85000,258047,Honda,Brio,15,16127.9375
Diesel,Manual,595000,64653,Tata,NEXON,5,10775.5
Petrol,Missing Transmission,620000,71248,Hyundai,Creta,8,7916.444444444444
CNG,Manual,459999,137510,Maruti,Ertiga,9,13751.0
Petrol,Manual,459999,47866,Maruti,Swift,4,9573.2
Petrol,Manual,254999,58496,Hyundai,Grand i10,11,4874.666666666667
Petrol,Manual,600000,47223,Toyota,URBAN CRUISER,5,7870.5
Petrol,Manual,130000,126223,Maruti,Swift,15,7888.9375
Petrol,Manual,350000,79538,Maruti,Baleno,10,7230.727272727273
Petrol,Manual,426000,26759,Hyundai,Creta,11,2229.9166666666665
Petrol,Missing Transmission,740000,8576,Maruti,Swift,2,2858.6666666666665
Diesel,Manual,615000,67394,Hyundai,Creta,7,8424.25
Petrol,Manual,770000,41754,Honda,City,4,8350.8
Petrol,Missing Transmission,350000,113000,Honda,City,11,9416.666666666666
Diesel,Manual,620000,118823,Hyundai,Creta,8,13202.555555555555
Diesel,Manual,390000,120221,Mahindra,XUV500,9,12022.1
Petrol,Manual,960000,6166,Hyundai,VENUE,0,6166.0
Petrol,Missing Transmission,531000,32624,Hyundai,GRAND I10 NIOS,4,6524.8
Petrol,Manual,385000,34642,Hyundai,Grand i10,7,4330.25
CNG,Manual,725000,47076,Tata,TIGOR,2,15692.0
Petrol,Missing Transmission,1025000,53155,MG,ASTOR,3,13288.75
Petrol,Manual,620000,1519,Maruti,Baleno,0,1519.0
CNG,Manual,81000,135033,Hyundai,i10,15,8439.5625
Petrol,Manual,409999,80235,Renault,Kiger,4,16047.0
Petrol,Missing Transmission,1600000,90474,Mahindra,XUV700,5,15079.0
Petrol,Missing Transmission,700000,82826,KIA,SELTOS,7,10353.25
Petrol,Missing Transmission,1492000,9033,MG,HECTOR,2,3011.0
Petrol,Manual,450000,46763,Maruti,Baleno,5,7793.833333333333
Petrol,Manual,875000,75935,KIA,SELTOS,4,15187.0
Petrol,Manual,450000,32289,Ford,Ecosport,7,4036.125
Petrol,Missing Transmission,1350000,33873,Jeep,Compass,4,6774.6
Petrol,Manual,555000,18472,Maruti,Swift,4,3694.4
Petrol,Missing Transmission,325000,75000,Honda,Jazz,11,6250.0
Petrol,Manual,550000,123581,Maruti,Ciaz,5,20596.833333333332
Petrol,Manual,505000,52400,Nissan,MAGNITE,4,10480.0
Petrol,Manual,450000,98934,Maruti,Baleno,6,14133.42857142857
CNG,Manual,434000,53242,Maruti,Baleno,7,6655.25
Petrol,Manual,548000,77362,Hyundai,Creta,10,7032.909090909091
Petrol,Manual,950000,23827,KIA,CARENS,2,7942.333333333333
CNG,Manual,400000,70934,Tata,Tiago,4,14186.8
Petrol,Manual,535000,58664,Tata,PUNCH,3,14666.0
Petrol,Missing Transmission,295000,102166,Maruti,Celerio,8,11351.777777777777
Petrol,Manual,340000,42068,Maruti,Ertiga,14,2804.5333333333333
Petrol,Manual,691000,113011,Maruti,Vitara Brezza,5,18835.166666666668
Petrol,Manual,73000,150221,Hyundai,i10,14,10014.733333333334
Petrol,Manual,375000,44978,Maruti,Dzire,9,4497.8
CNG,Manual,550000,70051,Tata,ALTROZ,4,14010.2
Petrol,Missing Transmission,1180000,29189,Honda,City,3,7297.25
Diesel,Manual,1450000,34800,Mahindra,Thar,3,8700.0
CNG,Manual,630000,132718,Hyundai,Verna,8,14746.444444444445
Petrol,Manual,450000,88754,Mahindra,XUV300,6,12679.142857142857
Petrol,Manual,811000,1636,Hyundai,Verna,5,272.6666666666667
Petrol,Manual,112000,135409,Honda,Brio,14,9027.266666666666
Diesel,Manual,330000,71235,Ford,Ecosport,9,7123.5
Petrol,Manual,690000,59827,Hyundai,Verna,7,7478.375
Petrol,Manual,975000,26872,Mahindra,Thar,5,4478.666666666667
CNG,Manual,275000,28004,Honda,Amaze,11,2333.6666666666665
Petrol,Missing Transmission,710000,75180,Honda,City,6,10740.0
Diesel,Manual,1430000,44957,Mahindra,Thar,3,11239.25
CNG,Manual,339000,122230,Maruti,Ertiga,12,9402.307692307691
CNG,Manual,520000,37001,Hyundai,AURA,6,5285.857142857143
Petrol,Manual,95000,135565,Hyundai,i20,15,8472.8125
Petrol,Manual,340000,70109,Honda,City,11,5842.416666666667
CNG,Manual,103000,166453,Maruti,Wagon R 1.0,14,11096.866666666667
Petrol,Manual,580000,75752,Honda,City,7,9469.0
CNG,Manual,90000,197036,Maruti,Wagon R 1.0,14,13135.733333333334
Petrol,Manual,100000,109265,Hyundai,i20,15,6829.0625
Diesel,Missing Transmission,1380000,109663,Ford,Endeavour,9,10966.3
Diesel,Manual,350000,105904,Honda,WR-V,9,10590.4
Petrol,Manual,600000,41229,Maruti,Baleno,3,10307.25
Petrol,Missing Transmission,312000,32476,Maruti,S PRESSO,6,4639.428571428572
Diesel,Manual,340000,161811,Maruti,Ciaz,9,16181.1
Petrol,Manual,459999,104084,Toyota,Glanza,5,17347.333333333332
Diesel,Manual,521000,124226,Maruti,Vitara Brezza,8,13802.888888888889
Petrol,Manual,450000,101545,Tata,NEXON,6,14506.42857142857
Petrol,Manual,620000,26613,Maruti,Vitara Brezza,5,4435.5
Petrol,Manual,299000,40501,Ford,Ecosport,11,3375.0833333333335
CNG,Manual,100000,115785,Hyundai,i10,14,7719.0
Petrol,Manual,720000,56743,MG,ASTOR,4,11348.6
Petrol,Missing Transmission,500000,30300,Maruti,New Wagon-R,7,3787.5
CNG,Manual,650000,19132,Hyundai,GRAND I10 NIOS,2,6377.333333333333
Petrol,Manual,1000000,24631,Tata,NEXON,3,6157.75
Petrol,Manual,300000,76790,Hyundai,Elite i20,11,6399.166666666667
Diesel,Manual,680000,43258,Tata,ALTROZ,3,10814.5
Petrol,Manual,360000,38311,Hyundai,Elite i20,9,3831.1
CNG,Manual,165000,130175,Toyota,Corolla Altis,14,8678.333333333334
Petrol,Missing Transmission,930000,68638,Maruti,XL6,5,11439.666666666666
Diesel,Manual,540000,86194,Maruti,Vitara Brezza,7,10774.25
Diesel,Manual,370000,99451,Tata,Safari Storme,9,9945.1
Petrol,Manual,600000,4795,Tata,PUNCH,1,2397.5
Petrol,Manual,1190000,26000,KIA,SELTOS,1,13000.0
CNG,Manual,85000,119109,Maruti,Wagon R 1.0,14,7940.6
Petrol,Missing Transmission,650000,39475,Maruti,Baleno,2,13158.333333333334
Petrol,Missing Transmission,370000,100586,Hyundai,Elite i20,8,11176.222222222223
CNG,Manual,90000,102347,Hyundai,i10,15,6396.6875
Petrol,Missing Transmission,675000,33323,Tata,PUNCH,3,8330.75
Diesel,Manual,700000,118013,Tata,Harrier,7,14751.625
Petrol,Manual,550000,61476,Honda,WR-V,7,7684.5
CNG,Manual,508000,29693,Renault,Kiger,4,5938.6
CNG,Manual,400000,123410,Maruti,Ciaz,9,12341.0
CNG,Manual,260000,180597,Hyundai,Grand i10,9,18059.7
Petrol,Manual,420000,82833,Hyundai,Elite i20,9,8283.3
Diesel,Missing Transmission,1070000,137838,Ford,Endeavour,10,12530.727272727272
Petrol,Manual,312000,51700,Honda,Amaze,10,4700.0
Petrol,Missing Transmission,1050000,43099,Hyundai,Creta,6,6157.0
CNG,Manual,600000,41716,Hyundai,Creta,9,4171.6
Petrol,Manual,135000,107250,Honda,City,15,6703.125
Petrol,Missing Transmission,800000,14943,Maruti,Dzire,1,7471.5
Petrol,Manual,350000,75314,Honda,Amaze,8,8368.222222222223
CNG,Manual,138000,116294,Maruti,Wagon R 1.0,13,8306.714285714286
Petrol,Manual,360000,121104,Maruti,Baleno,8,13456.0
CNG,Manual,483000,108533,Tata,TIGOR,4,21706.6
Petrol,Manual,430000,78975,Mahindra,XUV300,7,9871.875
Petrol,Manual,80000,117052,Hyundai,Santro Xing,14,7803.466666666666
CNG,Manual,500000,76039,Hyundai,AURA,5,12673.166666666666
CNG,Manual,350000,108764,Renault,TRIBER,7,13595.5
Petrol,Manual,525000,55039,Tata,NEXON,4,11007.8
CNG,Manual,490000,47988,Tata,ALTROZ,4,9597.6
Diesel,Manual,498000,116546,Hyundai,Creta,9,11654.6
CNG,Manual,550000,26930,Maruti,New Wagon-R,4,5386.0
Petrol,Manual,650000,60871,Hyundai,Creta,7,7608.875
Petrol,Manual,320000,122308,Honda,City,12,9408.307692307691
CNG,Manual,124000,136019,Maruti,Wagon R 1.0,13,9715.642857142857
Petrol,Manual,400000,89170,Honda,City,9,8917.0
Petrol,Missing Transmission,330000,999245,Maruti,Baleno,9,99924.5
Petrol,Manual,1139000,24168,KIA,CARENS,3,6042.0
CNG,Manual,83000,109015,Maruti,Wagon R 1.0,15,6813.4375
Diesel,Missing Transmission,350000,85776,Renault,Duster,10,7797.818181818182
Petrol,Manual,380000,85901,Maruti,Ciaz,11,7158.416666666667
Petrol,Manual,140000,171947,Honda,City,15,10746.6875
Petrol,Manual,239000,105050,Hyundai,Xcent,9,10505.0
Petrol,Manual,270000,99560,Maruti,Swift Dzire,11,8296.666666666666
CNG,Manual,110000,169700,Maruti,Eeco,15,10606.25
Diesel,Missing Transmission,950000,39997,Mahindra,Thar,4,7999.4
Diesel,Manual,600000,84663,Hyundai,Creta,9,8466.3
Petrol,Manual,400000,82411,Maruti,Baleno,8,9156.777777777777
Petrol,Manual,107000,109138,Toyota,Etios Liva,14,7275.866666666667
Diesel,Manual,659000,85664,Hyundai,VENUE,5,14277.333333333334
Petrol,Manual,300000,24505,Maruti,S PRESSO,4,4901.0
CNG,Manual,450000,162092,Honda,City,9,16209.2
Petrol,Manual,700000,39479,Hyundai,Verna,7,4934.875
CNG,Missing Transmission,308000,100000,Ford,Ecosport,10,9090.90909090909
Diesel,Manual,800000,45061,Hyundai,VENUE,4,9012.2
Petrol,Manual,590000,31920,Hyundai,VENUE,6,4560.0
Petrol,Missing Transmission,805000,27234,Tata,ALTROZ,3,6808.5
Petrol,Manual,860000,35338,Honda,City,5,5889.666666666667
Petrol,Manual,610000,120680,Honda,BR-V,8,13408.888888888889
Diesel,Manual,1100000,57477,Tata,Harrier,4,11495.4
Petrol,Manual,610000,31852,Maruti,Baleno,5,5308.666666666667
Petrol,Missing Transmission,800000,22169,Skoda,KUSHAQ,5,3694.8333333333335
Petrol,Manual,1021000,32249,KIA,SELTOS,6,4607.0
Petrol,Manual,350000,92767,Renault,Duster,8,10307.444444444445
Diesel,Missing Transmission,1250000,25660,Mahindra,Thar,4,5132.0
Petrol,Manual,440000,20264,Honda,City,10,1842.1818181818182
Petrol,Manual,509999,53618,Tata,NEXON,5,8936.333333333334
CNG,Manual,800000,111489,Maruti,Ertiga,5,18581.5
Petrol,Missing Transmission,409999,52668,Ford,Ecosport,9,5266.8
Diesel,Missing Transmission,650000,97818,Hyundai,Creta,9,9781.8
CNG,Manual,453000,82214,Hyundai,NEW SANTRO,4,16442.8
Diesel,Manual,1050000,75434,KIA,CARENS,3,18858.5
Diesel,Manual,1200000,122403,Toyota,Innova Crysta,8,13600.333333333334
Petrol,Manual,390000,62929,Maruti,Baleno,7,7866.125
Diesel,Manual,315000,168262,Skoda,Rapid,10,15296.545454545454
Diesel,Manual,1250000,83668,Tata,Harrier,6,11952.57142857143
CNG,Manual,351000,90871,Maruti,New Wagon-R,6,12981.57142857143
Petrol,Manual,790000,64650,Hyundai,Creta,5,10775.0
Diesel,Missing Transmission,1150000,40597,Mahindra,Thar,5,6766.166666666667
Petrol,Manual,675000,80694,Hyundai,VENUE,7,10086.75
Petrol,Manual,175000,183989,Toyota,Corolla Altis,13,13142.07142857143
Diesel,Manual,700000,101382,Hyundai,NEW I20,3,25345.5
Diesel,Manual,254000,104982,Hyundai,Grand i10,9,10498.2
Petrol,Manual,690000,45054,Maruti,Vitara Brezza,4,9010.8
Petrol,Manual,780000,61473,Honda,City,4,12294.6
Petrol,Missing Transmission,390000,88867,Toyota,Corolla Altis,12,6835.923076923077
Petrol,Missing Transmission,500000,33842,Renault,Kiger,4,6768.4
Petrol,Manual,585000,50868,Hyundai,VENUE,7,6358.5
Petrol,Missing Transmission,252000,71103,Hyundai,Grand i10,11,5925.25
Petrol,Manual,409999,70052,Maruti,Baleno,9,7005.2
Diesel,Manual,600000,77793,Tata,NEXON,5,12965.5
CNG,Manual,580000,64589,Tata,ALTROZ,3,16147.25
Petrol,Manual,408000,57144,Maruti,Dzire,8,6349.333333333333
Diesel,Manual,640000,109462,Maruti,Vitara Brezza,7,13682.75
CNG,Manual,730000,2257,Hyundai,GRAND I10 NIOS,0,2257.0
Diesel,Manual,850000,27261,Force,Motors GURKHA,5,4543.5
Petrol,Manual,430000,10451,Maruti,Ertiga,12,803.9230769230769
CNG,Manual,67000,110564,Hyundai,Eon,14,7370.933333333333
Diesel,Missing Transmission,1250000,63540,Tata,Harrier,5,10590.0
Petrol,Missing Transmission,1322000,28947,MG,HECTOR,5,4824.5
Petrol,Manual,950000,19115,Maruti,BREZZA,3,4778.75
Petrol,Manual,525000,93236,Honda,WR-V,8,10359.555555555555
CNG,Manual,473000,42654,Maruti,New Wagon-R,3,10663.5
Petrol,Manual,420000,160525,Honda,WR-V,9,16052.5
Petrol,Manual,296000,40157,Hyundai,Elite i20,11,3346.4166666666665
Petrol,Missing Transmission,809000,44998,Maruti,Vitara Brezza,4,8999.6
Petrol,Manual,1178000,45290,KIA,Carens Clavis,1,22645.0
CNG,Manual,459999,45119,Maruti,New Wagon-R,3,11279.75
Petrol,Missing Transmission,582000,7796,Nissan,MAGNITE,2,2598.6666666666665
Petrol,Missing Transmission,700000,53235,Tata,NEXON,4,10647.0
Petrol,Missing Transmission,400000,77230,Honda,City,11,6435.833333333333
Petrol,Manual,318000,46277,Hyundai,Grand i10,9,4627.7
Petrol,Manual,1000000,36425,Hyundai,Creta,5,6070.833333333333
Petrol,Missing Transmission,300000,71834,Maruti,S PRESSO,5,11972.333333333334
Petrol,Manual,850000,59079,KIA,SONET,2,19693.0
CNG,Manual,800000,40513,Hyundai,Creta,7,5064.125
Petrol,Manual,550000,37662,Tata,ALTROZ,5,6277.0
Petrol,Manual,635000,41968,Honda,City,7,5246.0
Diesel,Manual,944999,92620,Tata,Safari,5,15436.666666666666
CNG,Manual,130000,124807,Maruti,Wagon R 1.0,13,8914.785714285714
Petrol,Missing Transmission,1205000,22455,Toyota,URBAN CRUISER HYRYDER,3,5613.75
Petrol,Manual,270000,44799,Renault,Duster,12,3446.076923076923
Petrol,Manual,590000,58427,KIA,SONET,6,8346.714285714286
Petrol,Manual,1019000,31007,Maruti,XL6,4,6201.4
CNG,Manual,570000,96804,Hyundai,Creta,10,8800.363636363636
Petrol,Manual,420000,26568,Maruti,New Wagon-R,6,3795.4285714285716
Petrol,Missing Transmission,518000,31266,Hyundai,Elite i20,8,3474.0
Petrol,Manual,512000,34389,Tata,PUNCH,3,8597.25
Petrol,Manual,741000,4481,Hyundai,GRAND I10 NIOS,1,2240.5
Petrol,Manual,650000,68722,Hyundai,VENUE,7,8590.25
CNG,Manual,220000,70240,Maruti,Celerio,11,5853.333333333333
Petrol,Manual,620000,79040,Honda,City,7,9880.0
Petrol,Manual,580000,85775,Maruti,Ciaz,7,10721.875
Petrol,Manual,450000,58701,Honda,WR-V,9,5870.1
Diesel,Manual,790000,61100,MG,HECTOR,6,8728.57142857143
Petrol,Manual,600000,40387,Jeep,Compass,8,4487.444444444444
Petrol,Missing Transmission,919999,33615,Honda,City,5,5602.5
Petrol,Manual,550000,94858,Maruti,Vitara Brezza,6,13551.142857142857
CNG,Manual,340000,70936,Honda,City,11,5911.333333333333
Petrol,Manual,80000,82000,Tata,Indigo Marina,15,5125.0
Diesel,Manual,1171000,72105,Mahindra,Thar,3,18026.25
Petrol,Manual,600000,10646,Maruti,Baleno,4,2129.2
Petrol,Manual,890000,17135,Hyundai,VENUE,4,3427.0
Petrol,Manual,440000,55700,Maruti,Baleno,8,6188.888888888889
Petrol,Manual,472000,16370,Nissan,MAGNITE,4,3274.0
Diesel,Manual,509999,52844,Maruti,Vitara Brezza,8,5871.555555555556
CNG,Manual,500000,224842,Maruti,Ertiga,9,22484.2
Petrol,Manual,440000,26785,Maruti,Ertiga,12,2060.3846153846152
Petrol,Missing Transmission,340000,118157,Ford,Ecosport,9,11815.7
Petrol,Manual,650000,79927,Hyundai,VENUE,5,13321.166666666666
Petrol,Missing Transmission,600000,46878,Hyundai,NEW I20,5,7813.0
Petrol,Missing Transmission,1600000,10398,Hyundai,Creta,2,3466.0
Petrol,Manual,350000,163613,Skoda,Rapid,9,16361.3
Petrol,Manual,266000,83127,Hyundai,New Elantra,12,6394.384615384615
Petrol,Manual,570000,56936,Maruti,Baleno,3,14234.0
Petrol,Manual,500000,64749,Maruti,Baleno,7,8093.625
Petrol,Manual,580000,109685,Maruti,Ertiga,7,13710.625
Petrol,Manual,645000,102277,KIA,SELTOS,7,12784.625
Petrol,Missing Transmission,670000,66223,Toyota,Glanza,3,16555.75
Petrol,Manual,225000,87619,Toyota,Corolla Altis,13,6258.5
CNG,Manual,550000,27647,Tata,TIGOR,4,5529.4
Petrol,Manual,698000,21501,Tata,NEXON,4,4300.2
Petrol,Manual,370000,79000,Ford,Ecosport,11,6583.333333333333
Petrol,Manual,170000,117390,Honda,Amaze,13,8385.0
CNG,Manual,360000,121486,Hyundai,Xcent,8,13498.444444444445
Petrol,Manual,530000,11348,Tata,Tiago,2,3782.6666666666665
Petrol,Manual,375000,107588,Hyundai,Elite i20,9,10758.8
Petrol,Manual,325000,110483,Honda,City,11,9206.916666666666
CNG,Manual,322000,149206,Maruti,Swift Dzire,11,12433.833333333334
Petrol,Manual,800000,39941,Maruti,BREZZA,4,7988.2
Petrol,Manual,770000,43556,KIA,SONET,4,8711.2
CNG,Manual,450000,68314,Maruti,New Wagon-R,3,17078.5
Petrol,Manual,350000,33117,Hyundai,Grand i10,10,3010.6363636363635
Diesel,Manual,415000,90192,Ford,Ecosport,9,9019.2
Diesel,Manual,468000,113801,Hyundai,Elite i20,9,11380.1
Petrol,Missing Transmission,476000,75132,Honda,City,10,6830.181818181818
Petrol,Missing Transmission,425000,41271,Maruti,Baleno,8,4585.666666666667
Petrol,Missing Transmission,610000,32820,Honda,Amaze,4,6564.0
Petrol,Manual,300000,169051,Maruti,Baleno,10,15368.272727272728
Petrol,Manual,570000,22267,Hyundai,Creta,10,2024.2727272727273
Diesel,Manual,509999,90680,Hyundai,Creta,9,9068.0
Petrol,Missing Transmission,800000,118477,KIA,SELTOS,6,16925.285714285714
Petrol,Manual,650000,43961,Hyundai,NEW I20,3,10990.25
CNG,Manual,140000,184686,Maruti,Wagon R 1.0,15,11542.875
Petrol,Manual,350000,103108,Maruti,Baleno,7,12888.5
Petrol,Manual,399000,43015,Maruti,New Wagon-R,5,7169.166666666667
Diesel,Manual,770000,154413,Maruti,Ertiga,7,19301.625
Petrol,Manual,513999,93049,Toyota,YARIS,8,10338.777777777777
Petrol,Manual,434999,101739,Tata,NEXON,6,14534.142857142857
Petrol,Missing Transmission,1050000,52000,Hyundai,Creta,5,8666.666666666666
Diesel,Missing Transmission,1050000,129771,Ford,Endeavour,9,12977.1
Diesel,Missing Transmission,2300000,58867,Mahindra,XUV700,2,19622.333333333332
Petrol,Missing Transmission,701000,62656,Hyundai,Creta,8,6961.777777777777
Petrol,Missing Transmission,409999,124074,Honda,CRV,12,9544.153846153846
CNG,Manual,550000,77630,Tata,ALTROZ,3,19407.5
Petrol,Missing Transmission,1019999,26053,Tata,NEXON,2,8684.333333333334
Petrol,Manual,750000,49248,Maruti,BREZZA,3,12312.0
Petrol,Manual,700000,17437,Tata,NEXON,3,4359.25
Petrol,Manual,500000,15922,Renault,Kiger,2,5307.333333333333
Petrol,Manual,470000,55345,Maruti,Dzire,8,6149.444444444444
Petrol,Missing Transmission,700000,49476,Hyundai,VENUE,6,7068.0
Petrol,Manual,295000,36167,Hyundai,Grand i10,10,3287.909090909091
Diesel,Manual,345000,101746,Ford,Ecosport,10,9249.636363636364
CNG,Missing Transmission,400000,64051,Honda,Amaze,8,7116.777777777777
Petrol,Manual,500000,33525,Hyundai,Creta,9,3352.5
Petrol,Manual,425000,36258,Maruti,IGNIS,4,7251.6
Petrol,Missing Transmission,440000,91059,Tata,Tiago,5,15176.5
Diesel,Missing Transmission,630000,46240,Maruti,Vitara Brezza,7,5780.0
Petrol,Manual,295000,51934,Hyundai,Verna,13,3709.5714285714284
Petrol,Manual,430000,64522,Maruti,Baleno,10,5865.636363636364
Petrol,Missing Transmission,685000,31973,Toyota,Urban Cruiser Taisor,2,10657.666666666666
Petrol,Manual,750000,51514,Tata,NEXON,3,12878.5
CNG,Missing Transmission,787000,57491,Hyundai,Creta,7,7186.375
Diesel,Missing Transmission,450000,131961,ISUZU,MU-7,10,11996.454545454546
Petrol,Manual,459999,45949,Maruti,Dzire,8,5105.444444444444
Petrol,Manual,1085000,15278,KIA,SONET,2,5092.666666666667
Petrol,Manual,712000,26961,KIA,SONET,5,4493.5
Petrol,Manual,609000,51955,Maruti,Baleno,5,8659.166666666666
Diesel,Manual,360000,84134,Maruti,Ciaz,10,7648.545454545455
Petrol,Manual,470000,130952,Ford,Ecosport,8,14550.222222222223
CNG,Missing Transmission,509999,115181,Toyota,YARIS,8,12797.888888888889
Diesel,Manual,775000,93993,Mahindra,XUV500,8,10443.666666666666
Petrol,Missing Transmission,950000,25709,Skoda,SLAVIA,4,5141.8
Petrol,Manual,1058000,30134,KIA,SELTOS,4,6026.8
CNG,Manual,800000,30072,Tata,PUNCH,1,15036.0
Diesel,Manual,550000,100897,Tata,NEXON,5,16816.166666666668
Petrol,Manual,600000,68686,Maruti,Ertiga,7,8585.75
Petrol,Manual,915000,52525,KIA,SONET,3,13131.25
Petrol,Missing Transmission,600000,30949,Maruti,Swift,4,6189.8
CNG,Manual,900000,26215,Tata,NEXON,2,8738.333333333334
Petrol,Manual,640000,42000,Hyundai,VENUE,6,6000.0
Petrol,Missing Transmission,1050000,48057,Skoda,SLAVIA,4,9611.4
Petrol,Manual,525000,79576,Ford,Ecosport,8,8841.777777777777
Diesel,Manual,1010000,46224,KIA,CARENS,3,11556.0
Petrol,Missing Transmission,345000,103417,Honda,City,11,8618.083333333334
Petrol,Manual,450000,37354,Renault,Kiger,4,7470.8
Petrol,Manual,670000,4950,Toyota,Glanza,1,2475.0
Petrol,Missing Transmission,950000,28591,Tata,NEXON,2,9530.333333333334
Diesel,Manual,1085000,137364,ISUZU,D-Max V Cross,10,12487.636363636364
Diesel,Missing Transmission,1140000,171080,Toyota,Innova Crysta,8,19008.88888888889
Petrol,Manual,610000,64178,Maruti,Vitara Brezza,5,10696.333333333334
Diesel,Manual,1210000,264874,Toyota,Innova Crysta,8,29430.444444444445
Petrol,Missing Transmission,736000,113546,Volkswagen,TAIGUN,5,18924.333333333332
Petrol,Manual,850000,68306,Hyundai,Verna,4,13661.2
Petrol,Manual,838000,20673,Honda,Amaze,2,6891.0
CNG,Manual,580000,8338,Maruti,New Wagon-R,3,2084.5
Diesel,Manual,335000,86603,Ford,Ecosport,10,7873.0
Petrol,Manual,509999,37340,Honda,City,10,3394.5454545454545
Petrol,Manual,850000,514,Mahindra,XUV 3XO,1,257.0
Petrol,Manual,459999,58253,Maruti,Baleno,5,9708.833333333334
Petrol,Missing Transmission,650000,60555,KIA,SONET,6,8650.714285714286
Diesel,Missing Transmission,1967000,53539,Mahindra,SCORPIO-N,3,13384.75
CNG,Manual,425000,60368,Maruti,New Wagon-R,6,8624.0
Petrol,Manual,585000,49029,Hyundai,Creta,10,4457.181818181818
Diesel,Manual,540000,163981,Mahindra,XUV300,7,20497.625
Petrol,Missing Transmission,1250000,94300,KIA,CARENS,4,18860.0
Petrol,Manual,390000,64565,Hyundai,Grand i10,7,8070.625
CNG,Manual,415000,85233,Maruti,Baleno,7,10654.125
CNG,Manual,260000,79472,Maruti,Swift,11,6622.666666666667
Petrol,Manual,640000,56130,Mahindra,XUV300,7,7016.25
Petrol,Missing Transmission,715000,36510,Jeep,Compass,8,4056.6666666666665
Diesel,Manual,550000,99153,Hyundai,Creta,8,11017.0
Petrol,Manual,276000,84860,Maruti,Baleno,10,7714.545454545455
Petrol,Missing Transmission,1200000,77120,Mahindra,XUV700,5,12853.333333333334
Petrol,Missing Transmission,1156000,41000,Tata,NEXON,2,13666.666666666666
Diesel,Manual,740000,112093,Mahindra,Bolero,3,28023.25
Petrol,Missing Transmission,570000,67631,Mercedes,Benz E Class,14,4508.733333333334
CNG,Manual,470000,100167,Hyundai,GRAND I10 NIOS,6,14309.57142857143
Diesel,Manual,320000,58221,Nissan,Terrano,10,5292.818181818182
Petrol,Missing Transmission,550000,66240,Tata,ALTROZ,4,13248.0
Petrol,Missing Transmission,670000,86731,Hyundai,Verna,7,10841.375
Petrol,Manual,500000,37902,Tata,ALTROZ,4,7580.4
CNG,Manual,620000,50339,Hyundai,AURA,4,10067.8
Petrol,Manual,311000,79080,Honda,Jazz,9,7908.0
Petrol,Manual,370000,23856,Renault,Kwid,4,4771.2
Diesel,Manual,300000,196148,Ford,Ecosport,10,17831.636363636364
CNG,Manual,819999,15621,Maruti,FRONX,1,7810.5
CNG,Manual,480000,48719,Tata,Tiago,5,8119.833333333333
Petrol,Manual,1150000,9802,Toyota,URBAN CRUISER HYRYDER,0,9802.0
Diesel,Manual,500000,57160,Maruti,Vitara Brezza,7,7145.0
Petrol,Manual,1291000,87000,KIA,SELTOS,4,17400.0
Petrol,Manual,688000,8124,Renault,TRIBER,2,2708.0
Petrol,Missing Transmission,1400000,31015,Mahindra,XUV700,4,6203.0
Diesel,Manual,560000,109955,Mahindra,XUV300,7,13744.375
Petrol,Manual,855000,63600,Honda,City,6,9085.714285714286
Petrol,Missing Transmission,1000000,69890,Audi,A8L,15,4368.125
Petrol,Manual,580000,19453,Tata,ALTROZ,3,4863.25
Petrol,Manual,480000,96672,Maruti,Vitara Brezza,6,13810.285714285714
Petrol,Manual,400000,100924,Hyundai,Elite i20,7,12615.5
CNG,Missing Transmission,780000,41895,Tata,TIGOR,2,13965.0
Diesel,Manual,422000,157896,Honda,BR-V,9,15789.6
Petrol,Manual,844999,3197,Tata,NEXON,2,1065.6666666666667
CNG,Manual,700000,51944,Hyundai,AURA,3,12986.0
Petrol,Missing Transmission,580000,169599,Maruti,XL6,5,28266.5
Petrol,Missing Transmission,900000,79272,KIA,SELTOS,6,11324.57142857143
Petrol,Missing Transmission,300000,96080,Hyundai,Grand i10,9,9608.0
Petrol,Missing Transmission,350000,56927,Ford,Ecosport,10,5175.181818181818
Petrol,Missing Transmission,525000,128207,Hyundai,Creta,9,12820.7
Petrol,Missing Transmission,1490000,3665,Mahindra,Thar,2,1221.6666666666667
CNG,Manual,550000,31043,Tata,Tiago,1,15521.5
Petrol,Manual,400000,74564,Maruti,Dzire,9,7456.4
Petrol,Manual,475000,13078,Tata,Tiago,3,3269.5
Petrol,Manual,600000,50051,Hyundai,VENUE,4,10010.2
Petrol,Missing Transmission,403000,18790,Renault,Kwid,4,3758.0
Petrol,Manual,450000,54904,Renault,Kiger,5,9150.666666666666
Petrol,Manual,455999,17512,Maruti,New Wagon-R,3,4378.0
Diesel,Manual,425000,130250,Honda,BR-V,7,16281.25
CNG,Missing Transmission,459999,156607,Maruti,Dzire,8,17400.777777777777
Petrol,Missing Transmission,450000,74907,Maruti,Baleno,6,10701.0
Diesel,Manual,335000,157527,Maruti,Vitara Brezza,10,14320.636363636364
Petrol,Manual,670000,23988,KIA,SONET,5,3998.0
Petrol,Manual,409999,17667,Maruti,Baleno,8,1963.0
CNG,Manual,850000,48653,KIA,SONET,3,12163.25
CNG,Missing Transmission,490000,60862,Honda,Amaze,7,7607.75
Petrol,Missing Transmission,905000,63631,Jeep,Compass,8,7070.111111111111
CNG,Manual,770000,18308,Maruti,Swift,3,4577.0
Petrol,Manual,880000,100300,KIA,CARENS,4,20060.0
Petrol,Missing Transmission,692000,63170,Hyundai,Verna,8,7018.888888888889
Petrol,Missing Transmission,850000,114160,KIA,SELTOS,7,14270.0
Petrol,Missing Transmission,695000,23338,Hyundai,EXTER,2,7779.333333333333
Petrol,Missing Transmission,540000,90971,Maruti,Vitara Brezza,6,12995.857142857143
CNG,Manual,540000,98422,Maruti,Baleno,5,16403.666666666668
CNG,Manual,550000,28181,Maruti,New Wagon-R,1,14090.5
Hybrid,Missing Transmission,2708000,71274,Toyota,Camry,5,11879.0
Petrol,Manual,300000,9342,Hyundai,Grand i10,10,849.2727272727273
Petrol,Missing Transmission,475000,114684,Honda,City,8,12742.666666666666
Petrol,Manual,326000,81418,Maruti,IGNIS,8,9046.444444444445
Petrol,Manual,1100000,13237,Maruti,Grand Vitara,3,3309.25
Petrol,Manual,625000,51944,Hyundai,Creta,8,5771.555555555556
Petrol,Missing Transmission,1550000,6341,Hyundai,Verna,2,2113.6666666666665
Petrol,Manual,400000,28399,Mahindra,KUV 100 NXT,6,4057.0
Petrol,Missing Transmission,480000,58225,Toyota,Glanza,7,7278.125
CNG,Manual,580000,42777,Maruti,New Wagon-R,2,14259.0
Petrol,Manual,750000,25139,Maruti,Baleno,3,6284.75
Petrol,Manual,500000,57981,Hyundai,Creta,10,5271.0
Petrol,Manual,540000,125021,Maruti,Dzire,8,13891.222222222223
Petrol,Manual,850000,40585,KIA,SELTOS,6,5797.857142857143
Petrol,Manual,340000,91872,Ford,Ecosport,10,8352.0
Petrol,Manual,600000,36217,Honda,City,8,4024.1111111111113
Petrol,Missing Transmission,1000000,8159,Tata,NEXON,1,4079.5
Diesel,Missing Transmission,470000,111354,Maruti,Vitara Brezza,8,12372.666666666666
Petrol,Missing Transmission,1040000,50911,Skoda,SLAVIA,4,10182.2
Petrol,Manual,946000,45185,Hyundai,VENUE,4,9037.0
Petrol,Manual,775000,64163,Maruti,XL6,5,10693.833333333334
Petrol,Manual,450000,77258,Maruti,Ciaz,8,8584.222222222223
Diesel,Manual,450000,208165,Hyundai,Creta,10,18924.090909090908
Diesel,Manual,342000,47739,Hyundai,Grand i10,9,4773.9
Petrol,Manual,770000,50528,Hyundai,VENUE,4,10105.6
CNG,Manual,725000,44546,Maruti,Dzire,4,8909.2
Petrol,Manual,480000,46073,Hyundai,GRAND I10 NIOS,6,6581.857142857143
Petrol,Manual,350000,96000,Ford,Ecosport,10,8727.272727272728
Petrol,Manual,368000,25044,Maruti,Alto K10,3,6261.0
Diesel,Manual,350000,107636,Maruti,Ciaz,9,10763.6
Petrol,Manual,360000,100942,Hyundai,Elite i20,7,12617.75
Petrol,Manual,590000,17623,Maruti,Baleno,5,2937.1666666666665
CNG,Manual,536000,45029,Hyundai,GRAND I10 NIOS,5,7504.833333333333
CNG,Manual,380000,124187,Volkswagen,Vento,10,11289.727272727272
Petrol,Missing Transmission,1040000,30860,Hyundai,Creta,7,3857.5
Petrol,Manual,575000,71925,Hyundai,Creta,7,8990.625
Petrol,Missing Transmission,853999,11475,Tata,NEXON,2,3825.0
Diesel,Manual,430000,145460,Ford,Ecosport,9,14546.0
Petrol,Manual,370000,87621,Toyota,Corolla Altis,11,7301.75
Petrol,Manual,320000,99444,Ford,Ecosport,9,9944.4
CNG,Manual,409999,56436,Hyundai,Elite i20,10,5130.545454545455
Petrol,Manual,900000,44001,Hyundai,Verna,5,7333.5
Petrol,Manual,725000,2100,Hyundai,NEW I20,0,2100.0
Petrol,Manual,520000,45927,Honda,Amaze,6,6561.0
Petrol,Manual,540000,39933,Toyota,Glanza,5,6655.5
Petrol,Missing Transmission,750000,15420,Maruti,Baleno,3,3855.0
Petrol,Missing Transmission,620000,54052,Mercedes,Benz E Class,13,3860.8571428571427
Diesel,Manual,334000,124736,Ford,Ecosport,9,12473.6
Petrol,Manual,575000,93940,Mahindra,XUV300,6,13420.0
Petrol,Manual,700000,22353,Toyota,URBAN CRUISER,5,3725.5
Diesel,Manual,1200000,74191,Tata,Harrier,5,12365.166666666666
Diesel,Missing Transmission,1090000,122117,Mitsubishi,Pajero Sport,9,12211.7
Petrol,Missing Transmission,650000,66807,Maruti,Ciaz,7,8350.875
Petrol,Manual,1001000,40266,Maruti,BREZZA,3,10066.5
CNG,Manual,509999,66407,Hyundai,GRAND I10 NIOS,5,11067.833333333334
Petrol,Missing Transmission,2080000,41817,Mahindra,SCORPIO-N,2,13939.0
Petrol,Missing Transmission,315000,102285,Honda,City,11,8523.75
Petrol,Manual,615000,39249,Maruti,Ciaz,8,4361.0
Petrol,Manual,596000,1522,Hyundai,EXTER,0,1522.0
Petrol,Missing Transmission,310000,66488,Hyundai,NEW SANTRO,7,8311.0
Diesel,Manual,1000000,49727,Mahindra,BOLERO NEO,2,16575.666666666668
Petrol,Missing Transmission,430000,101208,Toyota,Corolla Altis,10,9200.727272727272
CNG,Missing Transmission,509999,111658,Honda,City,8,12406.444444444445
CNG,Manual,434999,55804,Ford,Ecosport,8,6200.444444444444
Petrol,Missing Transmission,850000,987,Maruti,BREZZA,1,493.5
Petrol,Manual,434999,6405,Tata,Tiago,3,1601.25
CNG,Manual,1024000,23515,KIA,SONET,1,11757.5
Petrol,Missing Transmission,1550000,26987,Mahindra,SCORPIO-N,2,8995.666666666666
Petrol,Missing Transmission,985000,51984,Hyundai,Creta,5,8664.0
Petrol,Manual,450000,149115,Honda,City,9,14911.5
Petrol,Manual,810000,21022,KIA,SONET,3,5255.5
CNG,Manual,550000,65000,Hyundai,GRAND I10 NIOS,4,13000.0
Petrol,Manual,535000,21704,Maruti,Ertiga,9,2170.4
Petrol,Manual,405000,18847,Maruti,S PRESSO,2,6282.333333333333
Petrol,Missing Transmission,550000,42629,Toyota,YARIS,8,4736.555555555556
Petrol,Manual,750000,37411,Maruti,Ertiga,7,4676.375
Petrol,Manual,1050000,48323,Hyundai,Creta,4,9664.6
Petrol,Manual,775000,38747,MG,ASTOR,3,9686.75
Petrol,Missing Transmission,950000,97578,Honda,City,5,16263.0
Petrol,Manual,790000,13944,Toyota,Urban Cruiser Taisor,1,6972.0
Petrol,Manual,415000,53154,Honda,City,11,4429.5
Petrol,Manual,650000,40586,Hyundai,NEW I20,4,8117.2
Diesel,Manual,400000,113636,Hyundai,Elite i20,9,11363.6
Diesel,Missing Transmission,800000,88753,KIA,SELTOS,5,14792.166666666666
Petrol,Missing Transmission,1030000,55538,Hyundai,Creta,5,9256.333333333334
Hybrid,Missing Transmission,1650000,27394,Maruti,Grand Vitara,2,9131.333333333334
Petrol,Manual,819999,17769,Maruti,Ertiga,7,2221.125
CNG,Manual,411000,58720,Maruti,New Wagon-R,6,8388.57142857143
Diesel,Manual,1200000,35506,Mahindra,Thar,2,11835.333333333334
Diesel,Manual,509999,137295,Maruti,Vitara Brezza,8,15255.0
Petrol,Manual,680000,21788,Honda,Amaze,3,5447.0
Petrol,Manual,790000,50553,Hyundai,VENUE,4,10110.6
Diesel,Missing Transmission,1060000,80749,Mahindra,XUV500,6,11535.57142857143
Petrol,Missing Transmission,5005000,1094,Volkswagen,Tiguan R-Line,1,547.0
Diesel,Manual,540000,98257,Mahindra,XUV300,7,12282.125
Petrol,Manual,819000,51423,Maruti,BREZZA,3,12855.75
Petrol,Manual,370000,83543,Honda,Mobilio,11,6961.916666666667
Petrol,Manual,650000,49917,Maruti,Baleno,4,9983.4
Diesel,Manual,850000,105945,Hyundai,Creta,5,17657.5
Diesel,Manual,434999,117750,Hyundai,Elite i20,8,13083.333333333334
Petrol,Manual,1290000,20519,KIA,SELTOS,3,5129.75
Petrol,Manual,315000,171568,Maruti,New Wagon-R,6,24509.714285714286
Diesel,Manual,850000,74725,Mahindra,Scorpio,9,7472.5
Diesel,Manual,430000,104335,Maruti,Ertiga,9,10433.5
CNG,Missing Transmission,923000,26728,Tata,TIGOR,1,13364.0
Petrol,Manual,650000,170909,Maruti,Ertiga,7,21363.625
Petrol,Manual,372000,91953,Hyundai,Xcent,9,9195.3
Petrol,Manual,890000,25921,Hyundai,Creta,7,3240.125
Petrol,Missing Transmission,819999,49899,KIA,SELTOS,7,6237.375
Petrol,Manual,400000,75556,Maruti,Dzire,7,9444.5
Petrol,Missing Transmission,755000,33883,Jeep,Compass,8,3764.777777777778
CNG,Manual,700000,117138,Hyundai,Creta,8,13015.333333333334
Petrol,Manual,700000,44004,Hyundai,VENUE,5,7334.0
Diesel,Missing Transmission,1235000,52219,Tata,Safari,5,8703.166666666666
Petrol,Manual,500000,60566,Toyota,YARIS,7,7570.75
Petrol,Missing Transmission,480000,110903,Honda,City,10,10082.09090909091
Petrol,Manual,320000,113102,Maruti,Baleno,10,10282.0
CNG,Manual,653000,14437,Maruti,Dzire,3,3609.25
Petrol,Manual,750000,70703,Honda,City,4,14140.6
Petrol,Missing Transmission,409999,63597,Volkswagen,Polo,10,5781.545454545455
Petrol,Manual,600000,39990,Maruti,Vitara Brezza,6,5712.857142857143
CNG,Manual,265000,144673,Maruti,Swift,11,12056.083333333334
Petrol,Missing Transmission,950000,91193,Tata,NEXON,2,30397.666666666668
Petrol,Manual,570000,20146,Renault,Kiger,2,6715.333333333333
Petrol,Missing Transmission,1350000,5787,Mahindra,XUV 3XO,2,1929.0
Petrol,Manual,523000,433,CITROEN,C3,3,108.25
Petrol,Missing Transmission,350000,85427,Hyundai,Grand i10,8,9491.888888888889
Petrol,Manual,790000,8118,Maruti,BREZZA,3,2029.5
CNG,Manual,1320000,1697,KIA,CARENS,0,1697.0
Petrol,Missing Transmission,1300000,37731,KIA,SELTOS,4,7546.2
Petrol,Missing Transmission,705000,41004,Toyota,Glanza,3,10251.0
Petrol,Manual,300000,52239,Hyundai,Grand i10,9,5223.9
CNG,Missing Transmission,475000,122652,Honda,City,11,10221.0
Petrol,Manual,819999,57652,Hyundai,Creta,6,8236.0
Petrol,Manual,990000,19161,Maruti,BREZZA,3,4790.25
CNG,Manual,720000,74497,Maruti,FRONX,3,18624.25
Petrol,Manual,925000,40060,Honda,City,5,6676.666666666667
Diesel,Manual,825000,46339,Tata,NEXON,4,9267.8
Petrol,Missing Transmission,1050000,24158,Honda,City,6,3451.1428571428573
Diesel,Manual,1200000,58881,Hyundai,Creta,4,11776.2
Petrol,Manual,570000,5787,Tata,Tiago,1,2893.5
CNG,Manual,1450000,5878,Maruti,Grand Vitara,1,2939.0
Petrol,Manual,600000,23629,Maruti,Baleno,5,3938.1666666666665
Petrol,Missing Transmission,540000,104015,Toyota,Glanza,5,17335.833333333332
Petrol,Missing Transmission,850000,65770,KIA,SELTOS,6,9395.714285714286
Petrol,Missing Transmission,670000,9896,Hyundai,EXTER,2,3298.6666666666665
Petrol,Manual,650000,43248,Maruti,Baleno,4,8649.6
Petrol,Manual,565000,9464,Maruti,Baleno,5,1577.3333333333333
Petrol,Manual,530000,6499,Maruti,New Wagon-R,3,1624.75
CNG,Manual,640000,79706,Toyota,Glanza,4,15941.2
Petrol,Manual,500000,3793,Maruti,New Wagon-R,2,1264.3333333333333
Petrol,Manual,782000,51368,Maruti,XL6,6,7338.285714285715
Petrol,Manual,880000,10867,MG,ASTOR,2,3622.3333333333335
Petrol,Manual,934000,67833,Maruti,BREZZA,3,16958.25
Diesel,Missing Transmission,1845000,72941,Mahindra,SCORPIO-N,2,24313.666666666668
Petrol,Missing Transmission,1050000,31170,Mahindra,Thar,5,5195.0
Petrol,Manual,1190000,34486,Hyundai,Verna,3,8621.5
Petrol,Manual,440000,55229,Maruti,Dzire,7,6903.625
Diesel,Manual,810000,66171,Mahindra,Scorpio,9,6617.1
Petrol,Manual,600000,4792,Maruti,Swift,0,4792.0
CNG,Manual,300000,114012,Maruti,Celerio,7,14251.5
Diesel,Missing Transmission,1200000,77179,Hyundai,Creta,4,15435.8
Diesel,Manual,1200000,48756,KIA,SELTOS,4,9751.2
Petrol,Manual,470000,126493,Maruti,Baleno,5,21082.166666666668
Petrol,Manual,350000,71500,Maruti,Ciaz,11,5958.333333333333
Petrol,Manual,513000,6439,Renault,Kiger,2,2146.3333333333335
Diesel,Manual,484999,158473,Hyundai,Creta,9,15847.3
Electric,Missing Transmission,580000,63785,MG,COMET,3,15946.25
Petrol,Manual,480000,84299,Maruti,Dzire,6,12042.714285714286
Diesel,Missing Transmission,500000,100000,Maruti,Vitara Brezza,7,12500.0
Diesel,Missing Transmission,2100000,7739,Mahindra,SCORPIO-N,2,2579.6666666666665
Diesel,Manual,1081000,43865,Hyundai,Creta,4,8773.0
Diesel,Manual,1048000,186085,MG,HECTOR,6,26583.571428571428
Petrol,Manual,925000,31973,Maruti,Grand Vitara,4,6394.6
Petrol,Manual,850000,82008,KIA,SELTOS,5,13668.0
Petrol,Missing Transmission,1050000,60385,Skoda,KUSHAQ,4,12077.0
Petrol,Missing Transmission,1535000,53825,KIA,SELTOS,4,10765.0
Petrol,Manual,800000,17870,Maruti,BREZZA,1,8935.0
Diesel,Manual,930000,20525,Hyundai,Creta,4,4105.0
Petrol,Manual,699000,135766,KIA,SELTOS,7,16970.75
CNG,Manual,1250000,9225,Tata,NEXON,1,4612.5
Petrol,Manual,450000,48292,Maruti,IGNIS,5,8048.666666666667
Petrol,Manual,690000,81424,Toyota,YARIS,5,13570.666666666666
Petrol,Manual,1340000,64821,Mahindra,XUV700,4,12964.2
Petrol,Manual,459999,64334,Mahindra,XUV300,7,8041.75
CNG,Manual,484000,125527,Hyundai,GRAND I10 NIOS,4,25105.4
Petrol,Manual,330000,54918,Hyundai,Xcent,10,4992.545454545455
CNG,Manual,310000,115165,Hyundai,Grand i10,8,12796.111111111111
Petrol,Missing Transmission,950000,12379,Toyota,Glanza,1,6189.5
Diesel,Missing Transmission,900000,125034,KIA,SONET,5,20839.0
Petrol,Missing Transmission,670000,51884,Renault,Kiger,4,10376.8
Diesel,Missing Transmission,800000,90560,KIA,SONET,4,18112.0
Petrol,Manual,850000,63058,Maruti,Grand Vitara,3,15764.5
Diesel,Manual,819999,38040,KIA,SONET,4,7608.0
Petrol,Manual,340000,29136,Maruti,Celerio,7,3642.0
Petrol,Manual,700000,18361,Hyundai,VENUE,5,3060.1666666666665
Diesel,Manual,450000,70909,Ford,Ecosport,9,7090.9
Diesel,Manual,445000,115788,Ford,Ecosport,8,12865.333333333334
Petrol,Manual,290000,81532,Honda,Jazz,11,6794.333333333333
Petrol,Missing Transmission,1350000,14749,KIA,CARENS,2,4916.333333333333
Petrol,Manual,740000,12879,Honda,Amaze,3,3219.75
CNG,Manual,850000,33000,Maruti,BREZZA,2,11000.0
CNG,Missing Transmission,380000,95991,Renault,Duster,9,9599.1
Petrol,Manual,700000,24837,Hyundai,NEW I20,3,6209.25
Petrol,Missing Transmission,1166000,62269,Mercedes,Benz C Class,12,4789.923076923077
Petrol,Missing Transmission,1375000,22530,Skoda,Superb,7,2816.25
Petrol,Missing Transmission,994999,62335,MG,HECTOR,5,10389.166666666666
Petrol,Missing Transmission,428000,58790,Mercedes,Benz E Class,15,3674.375
Hybrid,Missing Transmission,1450000,5711,Maruti,Grand Vitara,1,2855.5
Petrol,Missing Transmission,800000,103236,KIA,SELTOS,6,14748.0
Diesel,Missing Transmission,1350000,92712,KIA,CARENS,4,18542.4
Petrol,Manual,807000,42598,Hyundai,VENUE,4,8519.6
Petrol,Missing Transmission,1800000,7331,Hyundai,Creta,2,2443.6666666666665
Petrol,Missing Transmission,1090000,11106,KIA,SONET,1,5553.0
Petrol,Manual,459000,9595,Maruti,S PRESSO,2,3198.3333333333335
CNG,Manual,350000,80129,Hyundai,NEW SANTRO,8,8903.222222222223
Petrol,Manual,560000,69209,Maruti,Baleno,4,13841.8
Petrol,Missing Transmission,1100000,35357,MG,HECTOR,5,5892.833333333333
Diesel,Manual,385000,163666,Nissan,Terrano,9,16366.6
Petrol,Manual,940000,16126,KIA,SELTOS,3,4031.5
Petrol,Manual,650000,70586,KIA,SELTOS,7,8823.25
Petrol,Missing Transmission,889000,16189,Maruti,FRONX,2,5396.333333333333
CNG,Missing Transmission,700000,79620,Tata,TIGOR,2,26540.0
CNG,Manual,1140000,19304,Tata,NEXON,2,6434.666666666667
Petrol,Missing Transmission,975000,72922,MG,HECTOR,6,10417.42857142857
Petrol,Manual,792000,41118,KIA,SONET,4,8223.6
Petrol,Missing Transmission,1350000,20830,MG,HECTOR,3,5207.5
Petrol,Missing Transmission,1225000,8824,KIA,SONET,1,4412.0
Diesel,Manual,709000,35193,Mahindra,Scorpio,9,3519.3
Diesel,Manual,440000,182246,Ford,Ecosport,7,22780.75
Diesel,Manual,923000,73335,KIA,SELTOS,5,12222.5
Diesel,Missing Transmission,1100000,79573,KIA,SELTOS,6,11367.57142857143
Petrol,Manual,969999,27869,KIA,SELTOS,3,6967.25
Petrol,Missing Transmission,1100000,16726,MG,ASTOR,2,5575.333333333333
Petrol,Missing Transmission,1090000,1067,Tata,NEXON,0,1067.0
Petrol,Missing Transmission,1175000,73609,MG,HECTOR,6,10515.57142857143
Petrol,Missing Transmission,290000,127430,Maruti,IGNIS,10,11584.545454545454
Diesel,Manual,570000,89217,Maruti,Ciaz,8,9913.0
Petrol,Missing Transmission,650000,44394,Jeep,Compass,9,4439.4
Petrol,Manual,750000,76204,Hyundai,VENUE,3,19051.0
Petrol,Missing Transmission,919999,7675,Mahindra,XUV300,4,1535.0
CNG,Manual,833000,60096,Maruti,BREZZA,3,15024.0
Petrol,Missing Transmission,799000,61355,MG,HECTOR,7,7669.375
Petrol,Missing Transmission,947000,81053,Mercedes,Benz E Class,14,5403.533333333334
Petrol,Manual,1278000,23869,Hyundai,Verna,2,7956.333333333333
Electric,Missing Transmission,750000,30345,Tata,TIAGO EV,3,7586.25
Petrol,Manual,1280000,5977,MG,HECTOR,4,1195.4
Petrol,Manual,1100000,22802,Tata,Curvv,2,7600.666666666667
Diesel,Manual,750000,49780,Mahindra,XUV300,5,8296.666666666666
Diesel,Missing Transmission,1150000,92636,KIA,SELTOS,5,15439.333333333334
Diesel,Manual,1160000,63956,Mahindra,Thar,4,12791.2
CNG,Manual,350000,65180,Hyundai,Grand i10,9,6518.0
Petrol,Manual,1410000,2558,KIA,SELTOS,2,852.6666666666666
Diesel,Manual,819999,48755,KIA,SONET,4,9751.0
Petrol,Manual,589000,88455,Mahindra,XUV300,6,12636.42857142857
CNG,Manual,330000,114227,Maruti,Baleno,11,9518.916666666666
Diesel,Manual,705000,79833,Jeep,Compass,9,7983.3
Petrol,Manual,850000,12094,Maruti,BREZZA,2,4031.3333333333335
Petrol,Manual,690000,56712,Hyundai,Verna,7,7089.0
Petrol,Manual,450000,82549,Toyota,Glanza,7,10318.625
Petrol,Missing Transmission,1030000,87000,MG,HECTOR,5,14500.0
Diesel,Manual,1050000,87931,MG,HECTOR,6,12561.57142857143
Petrol,Manual,900000,29748,Honda,City,5,4958.0
Diesel,Manual,1000000,120219,Hyundai,Creta,5,20036.5
Petrol,Missing Transmission,1111000,11477,Hyundai,Verna,3,2869.25
Petrol,Manual,850000,32227,Maruti,BREZZA,1,16113.5
Petrol,Manual,890000,10383,Maruti,BREZZA,2,3461.0
Diesel,Missing Transmission,1180000,48053,Toyota,Innova Crysta,9,4805.3
Petrol,Manual,1255000,18701,Hyundai,Creta,3,4675.25
Petrol,Manual,1100000,29617,Volkswagen,VIRTUS,2,9872.333333333334
Petrol,Missing Transmission,1600000,21456,Skoda,SLAVIA,2,7152.0
Diesel,Manual,1050000,38750,Tata,Harrier,6,5535.714285714285
Diesel,Manual,1218000,49955,MG,HECTOR PLUS,4,9991.0
Hybrid,Missing Transmission,1380000,106972,Toyota,Camry,9,10697.2
Petrol,Missing Transmission,950000,54803,KIA,SELTOS,5,9133.833333333334
Petrol,Manual,850000,20294,KIA,SYROS,1,10147.0
Diesel,Missing Transmission,1420000,49947,Tata,Safari,4,9989.4
Petrol,Missing Transmission,910000,18158,Mahindra,XUV 3XO,2,6052.666666666667
Diesel,Missing Transmission,1350000,62639,Mahindra,Thar,3,15659.75
Petrol,Missing Transmission,800000,73046,MG,HECTOR,7,9130.75
Petrol,Missing Transmission,570000,71658,Mercedes,Benz C Class,13,5118.428571428572
Diesel,Manual,1200000,45538,Tata,Safari,4,9107.6
Diesel,Manual,790000,71729,MG,HECTOR,7,8966.125
Diesel,Manual,1100000,8352,KIA,SONET,1,4176.0
Petrol,Missing Transmission,750000,30961,KIA,SONET,4,6192.2
Petrol,Missing Transmission,1590000,7069,KIA,SELTOS,3,1767.25
CNG,Manual,698000,45247,Tata,ALTROZ,2,15082.333333333334
Petrol,Missing Transmission,2070000,16090,Volkswagen,TIGUAN,7,2011.25
Diesel,Manual,1382000,43007,KIA,SELTOS,2,14335.666666666666
Petrol,Missing Transmission,1200000,24531,Hyundai,Verna,3,6132.75
Diesel,Manual,950000,39469,Tata,Harrier,6,5638.428571428572
Petrol,Missing Transmission,1050000,53000,MG,ASTOR,4,10600.0
Diesel,Missing Transmission,1149000,121540,Toyota,Innova Crysta,9,12154.0
Petrol,Manual,950000,72367,MG,ASTOR,4,14473.4
CNG,Manual,1023000,33488,Maruti,BREZZA,3,8372.0
CNG,Manual,420000,57367,Hyundai,XCENT PRIME,6,8195.285714285714
Petrol,Missing Transmission,580000,110390,Toyota,Corolla Altis,9,11039.0
Petrol,Manual,495000,74258,Maruti,Dzire,6,10608.285714285714
Petrol,Missing Transmission,1283000,24380,Mahindra,Thar,4,4876.0
Petrol,Manual,1300000,42498,KIA,SELTOS,4,8499.6
Diesel,Manual,1019999,22273,Hyundai,Creta,5,3712.1666666666665
Petrol,Manual,950000,155902,Toyota,URBAN CRUISER HYRYDER,3,38975.5
Hybrid,Missing Transmission,1950000,14739,Maruti,Grand Vitara,1,7369.5
Diesel,Missing Transmission,900000,107129,KIA,SELTOS,5,17854.833333333332
Petrol,Missing Transmission,1141000,61359,MG,HECTOR,5,10226.5
CNG,Manual,1179000,14762,Maruti,Victoris,1,7381.0
Petrol,Manual,594000,2380,Hyundai,EXTER,0,2380.0
Petrol,Manual,950000,27320,KIA,SELTOS,4,5464.0
Petrol,Manual,850000,32311,KIA,SELTOS,4,6462.2
Petrol,Missing Transmission,993000,23068,KIA,SONET,6,3295.4285714285716
Petrol,Missing Transmission,1400000,40148,MG,HECTOR,3,10037.0
Petrol,Manual,1353000,36531,MG,HECTOR,3,9132.75
Diesel,Manual,572000,111265,Jeep,Compass,9,11126.5
CNG,Missing Transmission,1250000,14231,Hyundai,NEW I20,1,7115.5
Petrol,Manual,740000,22246,Maruti,FRONX,1,11123.0
Petrol,Manual,1000000,61382,KIA,SELTOS,4,12276.4
Diesel,Manual,902000,117089,KIA,SELTOS,5,19514.833333333332
Diesel,Missing Transmission,1400000,60136,KIA,SELTOS,4,12027.2
Petrol,Manual,300000,152901,Maruti,Ertiga,14,10193.4
Diesel,Manual,955000,84892,MG,HECTOR,7,10611.5
Petrol,Missing Transmission,1060000,41418,Volkswagen,VIRTUS,3,10354.5
Diesel,Missing Transmission,1100000,54078,Hyundai,Creta,6,7725.428571428572
Diesel,Manual,500000,43635,Mahindra,TUV 300 PLUS,8,4848.333333333333
Petrol,Manual,600000,74829,Mahindra,XUV300,5,12471.5
Diesel,Missing Transmission,850000,156432,KIA,SELTOS,4,31286.4
Diesel,Manual,1220000,34432,Mahindra,Thar,1,17216.0
Diesel,Missing Transmission,950000,73035,KIA,SELTOS,6,10433.57142857143
Petrol,Missing Transmission,1810000,3438,KIA,SELTOS,0,3438.0
Diesel,Manual,840000,99931,KIA,SONET,6,14275.857142857143
Petrol,Missing Transmission,430000,113822,Hyundai,Grand i10,8,12646.888888888889
Petrol,Missing Transmission,450000,91318,Toyota,Corolla Altis,11,7609.833333333333
Petrol,Manual,815000,8000,Mahindra,XUV300,3,2000.0
Petrol,Manual,900000,33002,MG,ASTOR,3,8250.5
Petrol,Manual,1160000,3186,Skoda,Kylaq,0,3186.0
Petrol,Missing Transmission,1300000,34383,Skoda,SLAVIA,4,6876.6
Petrol,Manual,690000,39205,Mahindra,XUV300,4,7841.0
Petrol,Missing Transmission,890000,56112,Hyundai,Verna,6,8016.0
Petrol,Manual,730000,63480,Honda,City,4,12696.0
Petrol,Missing Transmission,1000000,39148,Hyundai,ALCAZAR,5,6524.666666666667
Petrol,Manual,342000,24790,Toyota,Corolla Altis,14,1652.6666666666667
CNG,Manual,500000,44452,Maruti,New Wagon-R,3,11113.0
Diesel,Manual,2000000,5572,Mahindra,SCORPIO-N,0,5572.0
Petrol,Manual,1390000,41526,Hyundai,ALCAZAR,5,6921.0
Diesel,Missing Transmission,1200000,82295,Toyota,Innova Crysta,9,8229.5
Petrol,Missing Transmission,401000,10949,Hyundai,NEW SANTRO,8,1216.5555555555557
Petrol,Missing Transmission,700000,59959,Hyundai,NEW I20,3,14989.75
Petrol,Manual,690000,68382,KIA,SONET,4,13676.4
Petrol,Missing Transmission,900000,111900,MG,HECTOR,6,15985.714285714286
CNG,Manual,900000,9007,Hyundai,EXTER,0,9007.0
Petrol,Manual,950000,72283,Jeep,Compass,7,9035.375
Petrol,Missing Transmission,900000,76872,Hyundai,Creta,6,10981.714285714286
Petrol,Missing Transmission,1600000,21624,Hyundai,ALCAZAR,3,5406.0
Petrol,Missing Transmission,600000,90696,Honda,City,8,10077.333333333334
Petrol,Manual,1270000,6602,Skoda,SLAVIA,1,3301.0
Petrol,Manual,450000,12241,Maruti,New Wagon-R,3,3060.25
Petrol,Missing Transmission,2000000,16478,Mahindra,XUV700,1,8239.0
Petrol,Manual,810000,45193,Maruti,Ciaz,3,11298.25
Petrol,Manual,950000,86674,Hyundai,Creta,4,17334.8
CNG,Missing Transmission,800000,30341,Tata,TIGOR,1,15170.5
Diesel,Missing Transmission,1050000,85285,Tata,Safari,5,14214.166666666666
CNG,Manual,750000,51488,Hyundai,EXTER,3,12872.0
Petrol,Missing Transmission,730000,13714,Toyota,Glanza,4,2742.8
CNG,Manual,794000,16782,Maruti,Swift,1,8391.0
Petrol,Missing Transmission,1150000,25086,Skoda,KUSHAQ,4,5017.2
Petrol,Manual,1400000,38240,KIA,SELTOS,2,12746.666666666666
Petrol,Missing Transmission,1252000,24434,Skoda,SLAVIA,3,6108.5
Petrol,Missing Transmission,800000,37475,Hyundai,EXTER,3,9368.75
Petrol,Missing Transmission,1610000,21078,KIA,SELTOS,2,7026.0
Petrol,Missing Transmission,1000000,50796,Skoda,SLAVIA,3,12699.0
Petrol,Missing Transmission,1369000,37772,Skoda,KUSHAQ,3,9443.0
Diesel,Missing Transmission,790000,63121,KIA,SONET,6,9017.285714285714
Petrol,Missing Transmission,1000000,54834,MG,HECTOR,6,7833.428571428572
Petrol,Missing Transmission,880000,41731,Mahindra,XUV300,4,8346.2
Petrol,Manual,385000,120059,Hyundai,i20 Active,10,10914.454545454546
Diesel,Manual,1150000,168374,Toyota,Innova Crysta,9,16837.4
Petrol,Missing Transmission,1200000,31165,Mahindra,Thar,3,7791.25
Petrol,Missing Transmission,1310000,22075,Mahindra,XUV700,4,4415.0
Petrol,Manual,840000,33723,Honda,City,4,6744.6
Diesel,Missing Transmission,1019999,132206,KIA,SELTOS,6,18886.571428571428
Petrol,Missing Transmission,1050000,55158,MG,HECTOR,5,9193.0
Petrol,Missing Transmission,1300000,35495,MG,HECTOR,3,8873.75
Petrol,Missing Transmission,880000,73010,Honda,City,4,14602.0
CNG,Manual,740000,36752,Hyundai,EXTER,3,9188.0
Petrol,Missing Transmission,1350000,44555,MG,HECTOR,3,11138.75
Petrol,Missing Transmission,980000,32653,Hyundai,NEW I20,3,8163.25
Petrol,Manual,950000,19475,Hyundai,VENUE,2,6491.666666666667
Petrol,Manual,1150000,15996,Hyundai,Creta,4,3199.2
Petrol,Missing Transmission,800000,75364,KIA,SELTOS,7,9420.5
Petrol,Manual,919999,13544,Maruti,Ciaz,1,6772.0
Petrol,Missing Transmission,1200000,43485,Hyundai,Creta,4,8697.0
Diesel,Manual,1047000,127009,MG,HECTOR PLUS,5,21168.166666666668
Diesel,Missing Transmission,1480000,60681,Toyota,Innova Crysta,9,6068.1
Diesel,Manual,1250000,40013,Hyundai,ALCAZAR,4,8002.6
Diesel,Manual,799000,49709,Mahindra,BOLERO NEO,3,12427.25
Diesel,Manual,1250000,98417,Tata,Safari,4,19683.4
Petrol,Manual,950000,6978,Hyundai,VENUE,1,3489.0
Diesel,Missing Transmission,900000,93277,KIA,SELTOS,6,13325.285714285714
Petrol,Missing Transmission,1250000,17241,Volkswagen,VIRTUS,2,5747.0
Petrol,Missing Transmission,1200000,70623,KIA,SELTOS,4,14124.6
Petrol,Manual,980000,6063,Hyundai,VENUE,2,2021.0
Petrol,Missing Transmission,1000000,44380,Hyundai,VENUE,2,14793.333333333334
Petrol,Missing Transmission,1280000,57253,MG,HECTOR,5,9542.166666666666
Petrol,Manual,508000,17414,Hyundai,Creta,11,1451.1666666666667
Petrol,Manual,950000,18774,KIA,SELTOS,5,3129.0
Electric,Missing Transmission,819999,41859,Tata,NEXON EV,3,10464.75
Petrol,Missing Transmission,1149000,51775,MG,HECTOR,5,8629.166666666666
Petrol,Missing Transmission,1500000,14663,KIA,SELTOS,3,3665.75
Petrol,Manual,1090000,36890,KIA,SELTOS,4,7378.0
Diesel,Missing Transmission,850000,116664,KIA,SELTOS,7,14583.0
Petrol,Manual,800000,18484,Maruti,BREZZA,1,9242.0
Petrol,Missing Transmission,919999,8174,Maruti,FRONX,1,4087.0
CNG,Manual,1525000,1456,Toyota,URBAN CRUISER HYRYDER,0,1456.0
Petrol,Manual,1451000,13425,Volkswagen,VIRTUS,0,13425.0
Diesel,Manual,720000,47836,Mahindra,Scorpio,9,4783.6
Diesel,Missing Transmission,1460000,68516,Hyundai,ALCAZAR,4,13703.2
Diesel,Missing Transmission,1496000,35481,Mahindra,Thar,3,8870.25
Petrol,Missing Transmission,700000,143637,Jeep,Compass,7,17954.625
Diesel,Manual,800000,170174,Jeep,Compass,7,21271.75
Diesel,Manual,1258000,38781,Tata,Safari,4,7756.2
Electric,Missing Transmission,570000,117127,Tata,NEXON EV,6,16732.428571428572
Diesel,Missing Transmission,960000,60444,KIA,SELTOS,7,7555.5
Petrol,Missing Transmission,1200000,64457,Volkswagen,TAIGUN,3,16114.25
Petrol,Manual,1160000,27154,Volkswagen,VIRTUS,2,9051.333333333334
Petrol,Missing Transmission,969999,3896,Mahindra,XUV 3XO,0,3896.0
Petrol,Manual,860000,45461,Maruti,Grand Vitara,3,11365.25
Petrol,Manual,819999,73549,Maruti,BREZZA,4,14709.8
Petrol,Missing Transmission,1010000,42600,Honda,City,5,7100.0
Petrol,Manual,850000,53365,Maruti,BREZZA,4,10673.0
Petrol,Manual,1251000,40612,Honda,ELEVATE,2,13537.333333333334
Petrol,Missing Transmission,1280000,10988,Mahindra,XUV 3XO,2,3662.6666666666665
Petrol,Missing Transmission,1000000,25248,Hyundai,VENUE,3,6312.0
Petrol,Missing Transmission,1100000,56707,MG,HECTOR,4,11341.4
Petrol,Missing Transmission,1100000,59966,MG,HECTOR,5,9994.333333333334
Petrol,Missing Transmission,1050000,88736,MG,HECTOR,4,17747.2
Petrol,Missing Transmission,825000,18537,Maruti,FRONX,1,9268.5
Petrol,Missing Transmission,900000,57359,KIA,SELTOS,6,8194.142857142857
Petrol,Missing Transmission,1700000,298,KIA,SELTOS,3,74.5
Electric,Missing Transmission,919999,53553,Tata,PUNCH EV,2,17851.0
CNG,Manual,520000,75891,Maruti,Eeco,4,15178.2
Diesel,Manual,860000,105048,KIA,SELTOS,5,17508.0
Petrol,Manual,900000,43000,KIA,SELTOS,5,7166.666666666667
Diesel,Manual,550000,76587,Maruti,Vitara Brezza,9,7658.7
Petrol,Missing Transmission,850000,70950,MG,HECTOR,6,10135.714285714286
Petrol,Missing Transmission,2050000,5251,KIA,SELTOS,0,5251.0
Petrol,Manual,710000,34824,Maruti,FRONX,1,17412.0
Petrol,Missing Transmission,1049000,25091,MG,HECTOR,5,4181.833333333333
Diesel,Manual,459999,161273,Maruti,Vitara Brezza,9,16127.3
Petrol,Missing Transmission,1200000,48405,MG,HECTOR PLUS,5,8067.5
Diesel,Manual,1120000,84543,MG,HECTOR PLUS,5,14090.5
Diesel,Manual,442000,71702,Maruti,Vitara Brezza,9,7170.2
Diesel,Missing Transmission,960000,57307,KIA,SELTOS,5,9551.166666666666
Petrol,Missing Transmission,1200000,25282,Volkswagen,TAIGUN,5,4213.666666666667
CNG,Manual,910000,9160,Hyundai,EXTER,0,9160.0
Petrol,Missing Transmission,1350000,22466,MG,HECTOR,4,4493.2
CNG,Manual,610000,48992,Tata,Tiago,3,12248.0
CNG,Manual,450000,89394,Hyundai,Creta,11,7449.5
Diesel,Missing Transmission,919999,53766,KIA,SELTOS,5,8961.0
Diesel,Missing Transmission,1689999,41968,KIA,SELTOS,3,10492.0
Electric,Missing Transmission,1599000,23402,MG,Windsor EV,1,11701.0
Petrol,Manual,1450000,12560,Volkswagen,TAIGUN,3,3140.0
Petrol,Manual,475000,15151,Maruti,New Wagon-R,1,7575.5
Petrol,Manual,900000,11646,Hyundai,VENUE,1,5823.0
Petrol,Missing Transmission,1150000,7868,Tata,Curvv,1,3934.0
Petrol,Missing Transmission,1510000,25950,MG,HECTOR PLUS,4,5190.0
Petrol,Manual,950000,97640,MG,HECTOR,6,13948.57142857143
Electric,Missing Transmission,730000,80236,Tata,NEXON EV,5,13372.666666666666
Petrol,Manual,450000,122000,Hyundai,Creta,11,10166.666666666666
Petrol,Manual,821000,35277,Mahindra,XUV300,4,7055.4
CNG,Manual,400000,66482,Maruti,Eeco,4,13296.4
Petrol,Missing Transmission,1005000,38927,Toyota,RUMION,3,9731.75
Petrol,Manual,944999,39411,KIA,SELTOS,5,6568.5
Petrol,Manual,919999,42935,Mahindra,XUV 3XO,2,14311.666666666666
Diesel,Manual,880000,56736,Mahindra,Scorpio,9,5673.6
Diesel,Manual,850000,72894,MG,HECTOR PLUS,6,10413.42857142857
Petrol,Manual,1000000,33096,KIA,SELTOS,5,5516.0
Petrol,Missing Transmission,850000,8067,Maruti,FRONX,1,4033.5
Diesel,Manual,955000,166812,Toyota,Innova Crysta,9,16681.2
Petrol,Manual,875000,24018,CITROEN,C3 AIRCROSS,3,6004.5
Petrol,Manual,1310000,70057,MG,HECTOR,3,17514.25
Petrol,Missing Transmission,1000000,38826,Hyundai,VENUE N LINE,3,9706.5
Petrol,Missing Transmission,1005000,76738,Mercedes,Benz S Class,15,4796.125
Diesel,Manual,944000,46570,Mahindra,BOLERO NEO,3,11642.5
Petrol,Missing Transmission,1225000,16312,Volkswagen,VIRTUS,3,4078.0
CNG,Manual,890000,59027,Maruti,BREZZA,2,19675.666666666668
Diesel,Manual,488000,81768,Maruti,Vitara Brezza,9,8176.8
Petrol,Missing Transmission,500000,22996,Maruti,New Wagon-R,1,11498.0
Electric,Missing Transmission,700000,72047,Tata,NEXON EV,5,12007.833333333334
Petrol,Missing Transmission,1600000,4729,Hyundai,VENUE,0,4729.0
Diesel,Missing Transmission,2390000,32146,Tata,Safari,2,10715.333333333334
Diesel,Missing Transmission,1162000,181449,Toyota,Innova Crysta,9,18144.9
Electric,Missing Transmission,1100000,40085,Tata,PUNCH EV,2,13361.666666666666
Petrol,Missing Transmission,1200000,17272,Maruti,BREZZA,1,8636.0
Petrol,Manual,1970000,7379,Mahindra,Thar Roxx,1,3689.5
Petrol,Missing Transmission,1450000,23600,Hyundai,ALCAZAR,5,3933.3333333333335
Electric,Missing Transmission,680000,73245,Tata,NEXON EV,6,10463.57142857143
Petrol,Missing Transmission,1720000,5057,MG,HECTOR,1,2528.5
Diesel,Manual,1390000,91363,Mahindra,Scorpio,7,11420.375
Petrol,Missing Transmission,1495000,65233,MG,HECTOR,3,16308.25
Petrol,Missing Transmission,994999,6982,Mahindra,XUV 3XO,0,6982.0
Petrol,Missing Transmission,1000000,60986,Hyundai,VENUE N LINE,4,12197.2
Electric,Missing Transmission,1033000,16572,Tata,NEXON EV,6,2367.4285714285716
Diesel,Missing Transmission,2895000,50263,Tata,Safari,1,25131.5
Diesel,Missing Transmission,2300000,30672,Tata,Safari,1,15336.0
Petrol,Missing Transmission,1950000,8177,MG,HECTOR,1,4088.5
Petrol,Manual,1075000,116755,Toyota,Innova Crysta,6,16679.285714285714
Diesel,Manual,1074000,54256,Mahindra,Scorpio,6,7750.857142857143
Diesel,Manual,1200000,62331,Mahindra,Scorpio,6,8904.42857142857
Diesel,Manual,450000,174464,Maruti,S Cross,8,19384.88888888889
CNG,Manual,229999,107478,Maruti,Wagon R 1.0,10,9770.727272727272
CNG,Manual,680000,61122,Maruti,Baleno,4,12224.4
Petrol,Manual,160000,77200,Maruti,Swift Dzire,14,5146.666666666667
Diesel,Manual,401999,136346,Mahindra,XUV500,9,13634.6
CNG,Manual,453000,39858,Hyundai,NEW I20,5,6643.0
Petrol,Manual,450000,24171,Nissan,MAGNITE,5,4028.5
CNG,Manual,130000,86858,Toyota,Etios Liva,14,5790.533333333334
Petrol,Manual,120000,36134,Hyundai,i10,14,2408.9333333333334
Petrol,Manual,725000,33455,Skoda,KUSHAQ,3,8363.75
CNG,Manual,120000,153892,Hyundai,Santro Xing,13,10992.285714285714
CNG,Manual,110000,85678,Maruti,Wagon R 1.0,15,5354.875
Petrol,Manual,490000,91767,Hyundai,Creta,11,7647.25
Petrol,Manual,340000,36778,Honda,City,10,3343.4545454545455
Petrol,Missing Transmission,1125000,15152,Hyundai,VENUE,3,3788.0
Petrol,Manual,194000,45998,Volkswagen,Polo,13,3285.5714285714284
Petrol,Missing Transmission,1290000,16841,KIA,SONET,2,5613.666666666667
Petrol,Manual,75000,74802,Hyundai,i10,15,4675.125
CNG,Manual,218000,72402,Maruti,Celerio,11,6033.5
Petrol,Manual,135000,66110,Maruti,Alto 800,13,4722.142857142857
Diesel,Manual,160000,99744,Hyundai,Grand i10,10,9067.636363636364
Petrol,Manual,530000,95595,Hyundai,VENUE,6,13656.42857142857
Diesel,Manual,1380000,139207,Mahindra,XUV700,3,34801.75
Petrol,Manual,95000,59402,Maruti,Alto K10,14,3960.133333333333
Petrol,Manual,365000,59136,Renault,Kiger,3,14784.0
Petrol,Manual,170000,89319,Hyundai,i20,13,6379.928571428572
Petrol,Manual,559000,25121,Tata,PUNCH,4,5024.2
Petrol,Manual,110000,58022,Hyundai,i10,14,3868.133333333333
CNG,Manual,1113000,26946,Maruti,Grand Vitara,3,6736.5
CNG,Manual,117000,79019,Hyundai,i10,14,5267.933333333333
Diesel,Manual,260000,88056,Mahindra,KUV 100 NXT,9,8805.6
Petrol,Manual,152000,90106,Hyundai,i10,13,6436.142857142857
Petrol,Manual,580000,33058,Honda,WR-V,9,3305.8
Diesel,Manual,1095000,87557,Tata,Safari,5,14592.833333333334
Petrol,Manual,1230000,2852,Skoda,Kylaq,1,1426.0
CNG,Manual,637000,17386,Maruti,New Wagon-R,1,8693.0
Petrol,Manual,377000,87254,Honda,WR-V,9,8725.4
Petrol,Missing Transmission,160000,94060,Honda,Amaze,13,6718.571428571428
CNG,Manual,227999,78888,Maruti,Alto 800,7,9861.0
Petrol,Manual,947000,15580,Maruti,Grand Vitara,3,3895.0
Petrol,Manual,1172000,49542,Hyundai,Creta,5,8257.0
Diesel,Manual,446000,91241,Maruti,Vitara Brezza,9,9124.1
Petrol,Manual,440000,26973,Maruti,Baleno,6,3853.285714285714
CNG,Manual,145000,124090,Hyundai,Eon,11,10340.833333333334
Petrol,Manual,125000,107511,Honda,Brio,14,7167.4
CNG,Manual,250000,73375,Hyundai,Grand i10,9,7337.5
Petrol,Manual,127000,168216,Tata,Zest,10,15292.363636363636
Diesel,Manual,280000,123911,Maruti,Ciaz,9,12391.1
Petrol,Manual,634000,49258,Tata,PUNCH,4,9851.6
Petrol,Manual,100000,102789,Volkswagen,Polo,15,6424.3125
CNG,Manual,117000,99564,Maruti,Wagon R 1.0,13,7111.714285714285
CNG,Manual,108000,69115,Datsun,Redi Go,9,6911.5
CNG,Manual,105000,139121,Hyundai,Santro Xing,13,9937.214285714286
Petrol,Manual,91000,100609,Maruti,Ritz,14,6707.266666666666
CNG,Manual,245000,76133,Hyundai,Xcent,12,5856.384615384615
Petrol,Manual,200000,55936,Ford,Figo Aspire,11,4661.333333333333
CNG,Manual,290000,52578,Hyundai,Grand i10,9,5257.8
CNG,Manual,260000,117261,Maruti,Wagon R 1.0,9,11726.1
Petrol,Manual,420000,24477,Maruti,Alto K10,4,4895.4
Petrol,Missing Transmission,434999,115984,Honda,City,10,10544.0
CNG,Manual,342000,37434,Honda,Jazz,9,3743.4
Petrol,Manual,352000,31382,Hyundai,Grand i10,8,3486.8888888888887
Petrol,Missing Transmission,944999,23376,Maruti,Ciaz,2,7792.0
CNG,Manual,390000,52186,Maruti,Baleno,10,4744.181818181818
Petrol,Manual,254999,77491,Hyundai,Grand i10,10,7044.636363636364
Petrol,Manual,300000,148840,Maruti,Baleno,10,13530.90909090909
CNG,Manual,110000,111757,Honda,City,15,6984.8125
CNG,Missing Transmission,490000,113500,Honda,CRV,12,8730.76923076923
CNG,Manual,250000,122959,Maruti,Ertiga,13,8782.785714285714
Diesel,Manual,540000,120477,Mahindra,MARAZZO,6,17211.0
CNG,Manual,254999,68915,Hyundai,Grand i10,10,6265.0
Petrol,Missing Transmission,550000,64162,Toyota,YARIS,7,8020.25
Petrol,Manual,360000,114745,Hyundai,Elite i20,9,11474.5
Petrol,Manual,500000,43274,Honda,BR-V,9,4327.4
Petrol,Manual,103000,64876,Hyundai,Santro Xing,13,4634.0
CNG,Manual,334000,62857,Maruti,Celerio,8,6984.111111111111
Petrol,Missing Transmission,789000,71491,Jeep,Compass,8,7943.444444444444
Petrol,Manual,85000,41918,Maruti,Ritz,15,2619.875
Petrol,Manual,459999,37405,Tata,PUNCH,2,12468.333333333334
Petrol,Manual,120000,110464,Maruti,Alto K10,11,9205.333333333334
CNG,Manual,64000,76061,Maruti,Alto,14,5070.733333333334
CNG,Missing Transmission,220000,118579,Maruti,Celerio,11,9881.583333333334
Diesel,Manual,470000,123784,Hyundai,NEW I20,4,24756.8
Diesel,Manual,177000,160504,Ford,New Figo,9,16050.4
Petrol,Manual,950000,40695,KIA,SELTOS,6,5813.571428571428
CNG,Manual,259000,112863,Maruti,Swift Dzire,10,10260.272727272728
Diesel,Missing Transmission,890000,37472,Hyundai,Verna,7,4684.0
Petrol,Manual,134000,44416,Maruti,Wagon R 1.0,14,2961.0666666666666
CNG,Manual,500000,54417,Tata,Tiago,4,10883.4
Petrol,Manual,150000,37327,Ford,Figo,12,2871.3076923076924
CNG,Manual,800000,17714,Maruti,BREZZA,2,5904.666666666667
CNG,Manual,79000,92769,Hyundai,Santro Xing,14,6184.6
CNG,Manual,130000,116223,Maruti,Wagon R 1.0,12,8940.23076923077
Petrol,Manual,900000,10612,Mahindra,XUV 3XO,2,3537.3333333333335
Diesel,Missing Transmission,1500000,47201,Mahindra,SCORPIO-N,3,11800.25
Petrol,Manual,280000,84748,Tata,Zest,9,8474.8
Petrol,Manual,220000,84643,Maruti,Swift,13,6045.928571428572
Petrol,Manual,434999,114503,Honda,City,10,10409.363636363636
Petrol,Manual,650000,45065,Honda,City,7,5633.125
CNG,Manual,260000,77129,Maruti,Wagon R 1.0,9,7712.9
CNG,Manual,140000,94910,Hyundai,i10,13,6779.285714285715
CNG,Manual,87000,77805,Hyundai,i10,15,4862.8125
CNG,Manual,140000,114000,Honda,City,15,7125.0
Petrol,Manual,272000,52081,Honda,Jazz,11,4340.083333333333
Diesel,Manual,687000,133378,Mahindra,XUV500,8,14819.777777777777
Petrol,Manual,430000,95802,Honda,BR-V,9,9580.2
Petrol,Missing Transmission,795000,16597,Honda,City,7,2074.625
Petrol,Manual,450000,113765,Toyota,Corolla Altis,11,9480.416666666666
CNG,Manual,457000,83465,Tata,NEXON,5,13910.833333333334
Petrol,Manual,466000,54330,Maruti,Baleno,6,7761.428571428572
Petrol,Manual,565000,28794,Maruti,Swift,3,7198.5
CNG,Manual,66000,156068,Hyundai,Santro Xing,15,9754.25
Petrol,Missing Transmission,800000,82929,Hyundai,Creta,8,9214.333333333334
Petrol,Missing Transmission,350000,79123,Mercedes,Benz E Class,15,4945.1875
Petrol,Manual,102000,141558,Maruti,SX4,14,9437.2
CNG,Manual,159000,57071,Maruti,Wagon R 1.0,13,4076.5
Petrol,Manual,557000,54959,Honda,Amaze,5,9159.833333333334
CNG,Manual,900000,18673,Tata,NEXON,1,9336.5
Petrol,Manual,108000,113953,Hyundai,Santro Xing,13,8139.5
Petrol,Manual,250000,21403,Maruti,Wagon R 1.0,11,1783.5833333333333
Petrol,Manual,140000,81059,Maruti,Wagon R 1.0,13,5789.928571428572
Petrol,Manual,700000,15908,Maruti,Ciaz,5,2651.3333333333335
Petrol,Manual,520000,64574,Hyundai,Creta,11,5381.166666666667
CNG,Manual,194000,42658,Maruti,Wagon R 1.0,12,3281.3846153846152
Petrol,Missing Transmission,120000,115382,Honda,City,15,7211.375
Diesel,Manual,610000,79716,Jeep,Compass,9,7971.6
Petrol,Missing Transmission,137000,28041,Hyundai,i10,14,1869.4
Petrol,Missing Transmission,1239000,78069,Mahindra,XUV700,4,15613.8
Petrol,Manual,140000,87061,Maruti,Ritz,12,6697.0
CNG,Manual,630000,1415,Maruti,New Wagon-R,0,1415.0
Petrol,Manual,127000,138778,Honda,City,14,9251.866666666667
CNG,Manual,430000,46732,Maruti,New Wagon-R,4,9346.4
Petrol,Manual,320000,28111,Maruti,Wagon R 1.0,8,3123.4444444444443
CNG,Missing Transmission,145000,108939,Honda,City,14,7262.6
Diesel,Manual,550000,46727,Mahindra,XUV500,9,4672.7
CNG,Manual,877999,7671,Tata,PUNCH,1,3835.5
CNG,Manual,190000,208458,Maruti,Ertiga,14,13897.2
Petrol,Manual,94000,101758,Hyundai,i10,14,6783.866666666667
Petrol,Manual,800000,65267,Tata,NEXON,4,13053.4
CNG,Manual,220000,150578,Hyundai,Elite i20,11,12548.166666666666
Petrol,Manual,160000,92617,Hyundai,i10,12,7124.384615384615
Petrol,Manual,524000,10143,Maruti,Swift,0,10143.0
Petrol,Manual,730000,53305,Hyundai,Creta,6,7615.0
CNG,Manual,137000,81209,Maruti,Swift Dzire,14,5413.933333333333
Petrol,Manual,93000,48871,Maruti,Wagon R 1.0,15,3054.4375
Petrol,Missing Transmission,500000,206567,Honda,CRV,11,17213.916666666668
Petrol,Manual,400000,21783,Honda,City,10,1980.2727272727273
CNG,Manual,171000,98521,Hyundai,Grand i10,12,7578.538461538462
Diesel,Manual,465000,102242,Maruti,Vitara Brezza,9,10224.2
CNG,Manual,475000,62501,Tata,Tiago,4,12500.2
CNG,Manual,401999,40929,Maruti,Swift,7,5116.125
CNG,Manual,350000,62660,Hyundai,Grand i10,7,7832.5
Petrol,Manual,185000,98331,Maruti,Swift Dzire,14,6555.4
CNG,Manual,550000,68075,Tata,NEXON,4,13615.0
Petrol,Manual,307000,91917,Maruti,Swift Dzire,11,7659.75
Petrol,Manual,791000,60461,KIA,SONET,5,10076.833333333334
Petrol,Manual,210000,84701,Tata,Tiago,10,7700.090909090909
CNG,Manual,940000,74043,Maruti,BREZZA,3,18510.75
Petrol,Missing Transmission,580000,104362,Honda,City,7,13045.25
Petrol,Missing Transmission,1126000,69109,MG,HECTOR,6,9872.714285714286
Diesel,Manual,380000,60694,Maruti,Ciaz,10,5517.636363636364
Petrol,Manual,152000,57226,Maruti,Swift,14,3815.0666666666666
Diesel,Missing Transmission,620000,97043,Hyundai,Verna,8,10782.555555555555
Diesel,Missing Transmission,484999,94487,Mahindra,XUV300,7,11810.875
Petrol,Manual,350000,56966,Hyundai,Grand i10,8,6329.555555555556
Petrol,Manual,222000,67125,Maruti,Alto K10,9,6712.5
Petrol,Manual,75000,53409,Maruti,Wagon R 1.0,15,3338.0625
Petrol,Manual,139000,119344,Honda,City,15,7459.0
Petrol,Manual,501999,10393,Maruti,Swift,3,2598.25
Petrol,Manual,260000,90530,Honda,Amaze,12,6963.846153846154
Petrol,Manual,300000,97059,Hyundai,Elite i20,9,9705.9
Petrol,Manual,590000,101260,Mahindra,XUV300,5,16876.666666666668
Petrol,Manual,382000,40563,Nissan,MAGNITE,3,10140.75
Petrol,Manual,505000,13029,Maruti,Swift,2,4343.0
Petrol,Manual,148000,84560,Maruti,Wagon R 1.0,11,7046.666666666667
CNG,Manual,204000,127453,Hyundai,Grand i10,10,11586.636363636364
Petrol,Manual,682000,54866,MG,HECTOR,5,9144.333333333334
CNG,Manual,178000,71644,Renault,Kwid,10,6513.090909090909
Petrol,Manual,315000,49208,Hyundai,Elite i20,10,4473.454545454545
Petrol,Manual,300000,44793,Honda,City,11,3732.75
Petrol,Manual,650000,60118,KIA,SELTOS,7,7514.75
Petrol,Manual,356000,54812,Nissan,MAGNITE,4,10962.4
CNG,Missing Transmission,488999,68687,Maruti,IGNIS,3,17171.75
Petrol,Manual,388000,70803,Hyundai,Creta,10,6436.636363636364
Petrol,Manual,299000,67937,Honda,City,10,6176.090909090909
Petrol,Manual,221000,94397,Ford,Figo Aspire,9,9439.7
Petrol,Manual,385000,60650,Hyundai,Elite i20,8,6738.888888888889
Petrol,Manual,455999,13997,Tata,PUNCH,3,3499.25
Petrol,Manual,256999,48802,Hyundai,Elite i20,11,4066.8333333333335
Petrol,Manual,280000,80038,Hyundai,Elite i20,11,6669.833333333333
Petrol,Manual,249000,78099,Honda,City,12,6007.615384615385
Petrol,Manual,593000,72099,KIA,SELTOS,5,12016.5
Petrol,Missing Transmission,1363000,59450,Toyota,Innova Crysta,5,9908.333333333334
Petrol,Manual,348000,46003,Nissan,MAGNITE,4,9200.6
Petrol,Manual,612000,37344,MG,HECTOR,7,4668.0
Petrol,Manual,237000,82772,Volkswagen,Polo,11,6897.666666666667
Petrol,Manual,353000,91857,Volkswagen,Polo,6,13122.42857142857
Petrol,Manual,305000,82765,Hyundai,Elite i20,10,7524.090909090909
Petrol,Manual,295000,74135,Maruti,Baleno,9,7413.5
Petrol,Manual,389000,31340,Maruti,New Wagon-R,2,10446.666666666666
Petrol,Manual,393000,52666,Toyota,YARIS,8,5851.777777777777
Petrol,Manual,266000,52978,Ford,Ecosport,10,4816.181818181818
Petrol,Manual,520000,65015,Hyundai,VENUE,6,9287.857142857143
Petrol,Manual,331000,43529,Nissan,MAGNITE,3,10882.25
Petrol,Missing Transmission,468000,53045,Toyota,YARIS,8,5893.888888888889
Petrol,Missing Transmission,368000,80459,Volkswagen,Polo,10,7314.454545454545
Petrol,Manual,194000,43958,Maruti,Alto K10,10,3996.181818181818
CNG,Missing Transmission,757000,74399,KIA,SELTOS,6,10628.42857142857
CNG,Manual,353000,116308,Maruti,New Wagon-R,4,23261.6
CNG,Manual,385000,81896,Hyundai,Elite i20,7,10237.0
Petrol,Manual,200999,56415,Hyundai,Elite i20,11,4701.25
CNG,Manual,167000,66470,Renault,Kwid,9,6647.0
Petrol,Manual,242000,67824,Maruti,Swift,9,6782.4
Petrol,Missing Transmission,1481000,10002,KIA,SELTOS,2,3334.0
Petrol,Manual,475000,29890,Honda,Amaze,5,4981.666666666667
Petrol,Manual,153000,41553,Maruti,Alto 800,11,3462.75
Petrol,Manual,266000,61067,Maruti,Ciaz,11,5088.916666666667
Petrol,Missing Transmission,388000,97413,Ford,Ecosport,8,10823.666666666666
Petrol,Manual,157000,28086,Maruti,Alto K10,11,2340.5
Petrol,Missing Transmission,867000,49732,Hyundai,Creta,6,7104.571428571428
Petrol,Manual,355000,60855,Honda,Amaze,6,8693.57142857143
Petrol,Missing Transmission,1120000,26003,Volkswagen,VIRTUS,2,8667.666666666666
Petrol,Missing Transmission,442000,57513,Ford,Ecosport,8,6390.333333333333
Petrol,Manual,133000,11457,Maruti,Alto 800,12,881.3076923076923
Petrol,Manual,229000,57377,Hyundai,Grand i10,10,5216.090909090909
Petrol,Manual,520000,36055,Ford,Ecosport,7,4506.875
Petrol,Missing Transmission,897000,58147,Hyundai,Creta,5,9691.166666666666
CNG,Missing Transmission,315000,66387,Maruti,Celerio,7,8298.375
Petrol,Missing Transmission,337000,49540,Renault,TRIBER,6,7077.142857142857
Petrol,Manual,408000,41765,Tata,NEXON,7,5220.625
Petrol,Manual,274000,98688,Maruti,Ciaz,10,8971.636363636364
Petrol,Manual,772000,45152,Maruti,Grand Vitara,2,15050.666666666666
Petrol,Manual,333000,32396,Honda,City,11,2699.6666666666665
Petrol,Manual,219000,65096,Hyundai,Grand i10,9,6509.6
Petrol,Missing Transmission,304000,35077,Maruti,Celerio,8,3897.4444444444443
Hybrid,Missing Transmission,2855000,24109,Toyota,INNOVA HYCROSS,2,8036.333333333333
Petrol,Manual,208000,65853,Maruti,Swift Dzire,11,5487.75
Petrol,Manual,237000,82258,Hyundai,Grand i10,9,8225.8
Petrol,Manual,377000,62737,Renault,Kiger,3,15684.25
Petrol,Manual,434000,97414,Hyundai,VENUE,5,16235.666666666666
Petrol,Missing Transmission,451000,46898,Tata,PUNCH,5,7816.333333333333
Petrol,Manual,365000,62456,Tata,ALTROZ,6,8922.285714285714
CNG,Missing Transmission,220000,44971,Hyundai,Grand i10,12,3459.3076923076924
Petrol,Manual,718000,21105,Mahindra,XUV 3XO,2,7035.0
Petrol,Manual,156000,65988,Honda,Amaze,13,4713.428571428572
Petrol,Manual,745000,5280,Mahindra,XUV 3XO,1,2640.0
Hybrid,Missing Transmission,1846000,13041,Maruti,Grand Vitara,0,13041.0
Petrol,Manual,490000,22583,Maruti,Vitara Brezza,5,3763.8333333333335
Petrol,Missing Transmission,890000,14516,Tata,NEXON,2,4838.666666666667
Petrol,Missing Transmission,877000,15517,Tata,NEXON,2,5172.333333333333
Petrol,Manual,333000,33599,Tata,ALTROZ,6,4799.857142857143
Petrol,Manual,330000,82528,Honda,WR-V,8,9169.777777777777
CNG,Manual,475000,20922,Tata,PUNCH,3,5230.5
CNG,Manual,571000,81056,Tata,ALTROZ,3,20264.0
CNG,Manual,465000,42108,Tata,TIGOR,4,8421.6
Petrol,Missing Transmission,688000,4362,Hyundai,EXTER,2,1454.0
CNG,Missing Transmission,210000,40556,Honda,Brio,12,3119.6923076923076
Petrol,Manual,286000,38280,Honda,Mobilio,11,3190.0
Petrol,Manual,471000,35022,Tata,ALTROZ,3,8755.5
Petrol,Missing Transmission,607000,7795,Tata,ALTROZ,2,2598.3333333333335
Petrol,Missing Transmission,892000,31348,Tata,Curvv,2,10449.333333333334
Petrol,Manual,235000,43479,Maruti,Wagon R 1.0,9,4347.9
Petrol,Manual,276000,47355,Tata,Tiago,8,5261.666666666667
Petrol,Manual,575000,53637,KIA,SONET,5,8939.5
Petrol,Manual,278000,42192,Maruti,Swift Dzire,12,3245.5384615384614
Petrol,Manual,316000,57047,Hyundai,Grand i10,9,5704.7
Diesel,Manual,198000,68044,Mahindra,Kuv100,10,6185.818181818182
Petrol,Manual,622000,113518,Maruti,XL6,7,14189.75
Petrol,Manual,714000,50329,KIA,SELTOS,4,10065.8
Petrol,Missing Transmission,594000,50755,Renault,Kiger,3,12688.75
Petrol,Manual,193000,113655,Maruti,Alto K10,11,9471.25
Petrol,Manual,390000,147669,Tata,NEXON,6,21095.571428571428
Petrol,Manual,783000,61500,Maruti,Grand Vitara,3,15375.0
Diesel,Manual,985000,60422,Mahindra,Thar,3,15105.5
Petrol,Missing Transmission,669000,67533,Hyundai,Creta,8,7503.666666666667
Petrol,Manual,193000,44529,Datsun,Redi Go,8,4947.666666666667
Petrol,Manual,340000,47786,Mahindra,KUV 100 NXT,7,5973.25
Petrol,Manual,258000,84108,Tata,Tiago,8,9345.333333333334
Petrol,Manual,413000,62913,Ford,Ecosport,7,7864.125
Petrol,Manual,390000,77101,Tata,ALTROZ,4,15420.2
Petrol,Manual,786000,120479,Volkswagen,TAIGUN,4,24095.8
Petrol,Manual,413000,89177,Maruti,S Cross,6,12739.57142857143
Petrol,Manual,326000,62856,Volkswagen,Polo,11,5238.0
Petrol,Manual,562000,90480,Jeep,Compass,8,10053.333333333334
Diesel,Manual,1465000,62038,MG,HECTOR,2,20679.333333333332
Petrol,Missing Transmission,1047000,48901,Skoda,SLAVIA,4,9780.2
Diesel,Manual,718000,64695,Jeep,Compass,9,6469.5
Petrol,Manual,642000,68815,Jeep,Compass,7,8601.875
Petrol,Manual,675000,73858,Hyundai,VENUE,2,24619.333333333332
Petrol,Manual,328000,111155,Renault,TRIBER,5,18525.833333333332
CNG,Manual,628000,26116,Nissan,MAGNITE,1,13058.0
Petrol,Manual,983000,50898,Maruti,JIMNY,3,12724.5
Petrol,Manual,173000,62563,Renault,Kwid,8,6951.444444444444
Petrol,Manual,575000,22833,Maruti,Swift,1,11416.5
CNG,Manual,413000,48716,Tata,ALTROZ,5,8119.333333333333
Petrol,Manual,200999,72175,Renault,Kwid,10,6561.363636363636
Petrol,Manual,538000,45314,Maruti,Baleno,3,11328.5
Petrol,Manual,700000,48101,Mahindra,XUV300,3,12025.25
Petrol,Manual,348000,73377,Honda,City,10,6670.636363636364
Petrol,Manual,332000,49557,Hyundai,Elite i20,11,4129.75
Petrol,Manual,328000,148028,Hyundai,Grand i10,7,18503.5
CNG,Manual,418000,100626,Tata,NEXON,7,12578.25
Petrol,Manual,343000,65394,Maruti,Swift,10,5944.909090909091
Diesel,Manual,335000,87121,Maruti,Swift,11,7260.083333333333
Petrol,Manual,422000,58376,Hyundai,Elite i20,8,6486.222222222223
CNG,Manual,168000,117520,Datsun,Redi Go,8,13057.777777777777
Petrol,Missing Transmission,459000,83829,Hyundai,Creta,10,7620.818181818182
CNG,Manual,272000,67778,Tata,Tiago,10,6161.636363636364
Petrol,Manual,480000,131850,Hyundai,Creta,10,11986.363636363636
Petrol,Manual,280000,55669,Hyundai,Grand i10,9,5566.9
Petrol,Manual,233000,34923,Maruti,Alto K10,10,3174.818181818182
Petrol,Missing Transmission,620000,73686,Tata,NEXON,5,12281.0
CNG,Manual,590000,58061,Hyundai,Grand i10,2,19353.666666666668
Petrol,Missing Transmission,1700000,45501,Mahindra,SCORPIO-N,3,11375.25
CNG,Missing Transmission,324000,113457,Maruti,S PRESSO,7,14182.125
Petrol,Manual,888000,20484,Honda,City,2,6828.0
Petrol,Manual,408000,44145,Hyundai,AURA,6,6306.428571428572
Petrol,Missing Transmission,444000,39446,Hyundai,AURA,5,6574.333333333333
Diesel,Manual,1210000,102806,MG,HECTOR,3,25701.5
Petrol,Missing Transmission,717000,87629,MG,HECTOR,7,10953.625
Diesel,Manual,985000,35143,KIA,SELTOS,4,7028.6
Petrol,Manual,513000,41695,Nissan,Kicks,4,8339.0
Petrol,Manual,636000,51259,Hyundai,VENUE,3,12814.75
Petrol,Manual,258000,69238,Renault,Kwid,6,9891.142857142857
Petrol,Manual,480000,36937,Maruti,Swift,3,9234.25
Petrol,Manual,1234000,73146,Mahindra,XUV700,5,12191.0
Petrol,Manual,394000,68617,Nissan,MAGNITE,4,13723.4
Petrol,Manual,336000,34499,Renault,TRIBER,7,4312.375
CNG,Manual,261000,98043,Maruti,Wagon R 1.0,9,9804.3
Petrol,Manual,734000,32656,KIA,SONET,3,8164.0
Petrol,Missing Transmission,759000,73555,Jeep,Compass,7,9194.375
Petrol,Missing Transmission,1158000,75567,Volkswagen,VIRTUS,3,18891.75
Petrol,Missing Transmission,2613000,32856,Mercedes,Benz E Class,8,3650.6666666666665
Petrol,Missing Transmission,2623000,43059,Audi,A4,4,8611.8
Petrol,Manual,523000,68741,Tata,ALTROZ,4,13748.2
Petrol,Manual,415000,142854,Maruti,Swift,4,28570.8
Petrol,Manual,572000,76111,Hyundai,VENUE,4,15222.2
Petrol,Manual,509000,33721,Maruti,Swift,4,6744.2
Petrol,Manual,757000,19182,Mahindra,XUV300,2,6394.0
Petrol,Manual,248000,62667,Renault,Kwid,7,7833.375
Petrol,Manual,466000,87423,Tata,PUNCH,4,17484.6
Petrol,Manual,437000,86474,Renault,TRIBER,2,28824.666666666668
Petrol,Manual,420000,42801,Maruti,Swift,6,6114.428571428572
Petrol,Manual,645000,50327,Maruti,Vitara Brezza,4,10065.4
Petrol,Manual,1580000,42881,Mahindra,SCORPIO-N,2,14293.666666666666
Petrol,Manual,1235000,40834,KIA,SELTOS,2,13611.333333333334
Petrol,Manual,279000,79347,Tata,Tigor JTP,7,9918.375
Petrol,Manual,141000,92517,Renault,Kwid,10,8410.636363636364
Petrol,Manual,580000,99957,Honda,City,6,14279.57142857143
Petrol,Manual,246000,53045,Maruti,Wagon R 1.0,9,5304.5
Diesel,Manual,430000,138568,Maruti,Vitara Brezza,9,13856.8
Petrol,Manual,418000,57966,Hyundai,i20 Active,7,7245.75
Petrol,Missing Transmission,310000,23812,Tata,TIGOR,8,2645.777777777778
CNG,Manual,710000,87077,Maruti,Dzire,2,29025.666666666668
Petrol,Manual,656000,88389,Maruti,BREZZA,4,17677.8
CNG,Manual,583000,50048,Tata,PUNCH,2,16682.666666666668
Petrol,Manual,801000,56070,Hyundai,Verna,5,9345.0
Petrol,Manual,304000,87378,Tata,Tiago,7,10922.25
Petrol,Missing Transmission,595000,79411,Honda,City,6,11344.42857142857
Diesel,Missing Transmission,1677000,47597,Tata,Harrier,3,11899.25
Petrol,Missing Transmission,838000,80424,Hyundai,VENUE,2,26808.0
CNG,Manual,429000,80793,Tata,Tiago,4,16158.6
Petrol,Missing Transmission,479000,28472,Maruti,IGNIS,4,5694.4
Petrol,Manual,844000,79495,KIA,SELTOS,5,13249.166666666666
Petrol,Manual,332000,102431,Honda,City,11,8535.916666666666
Petrol,Missing Transmission,672000,45678,Maruti,Ciaz,6,6525.428571428572
Petrol,Manual,1412000,60592,Mahindra,XUV700,3,15148.0
Petrol,Missing Transmission,1221000,44297,MG,HECTOR,3,11074.25
Diesel,Manual,557000,68648,Maruti,Vitara Brezza,7,8581.0
Petrol,Manual,886999,3910,MG,HECTOR,4,782.0
Diesel,Manual,1054000,36096,Mahindra,Thar,2,12032.0
Petrol,Missing Transmission,882000,91073,Volkswagen,TAIGUN,5,15178.833333333334
Petrol,Manual,206999,99074,Hyundai,i20,14,6604.933333333333
Petrol,Manual,167000,59479,Datsun,Redi Go,8,6608.777777777777
Petrol,Manual,152000,42708,Datsun,Redi Go,9,4270.8
Petrol,Manual,759000,37379,Tata,NEXON,4,7475.8
Diesel,Manual,336000,110017,Ford,FREESTYLE,8,12224.111111111111
Petrol,Manual,327000,48831,Volkswagen,Polo,11,4069.25
Petrol,Missing Transmission,832000,52078,Jeep,Compass,7,6509.75
Petrol,Missing Transmission,479000,43179,Maruti,Swift,6,6168.428571428572
Petrol,Manual,1060000,23515,MG,HECTOR PLUS,4,4703.0
Petrol,Manual,326000,72464,Nissan,MAGNITE,4,14492.8
Petrol,Missing Transmission,1864000,43197,MG,HECTOR PLUS,3,10799.25
Petrol,Manual,453000,72097,Hyundai,Elite i20,9,7209.7
Petrol,Manual,524000,66482,Honda,WR-V,4,13296.4
Petrol,Manual,387000,109475,Volkswagen,Jetta,10,9952.272727272728
Petrol,Manual,742000,44533,Hyundai,Creta,5,7422.166666666667
Petrol,Missing Transmission,889000,42902,Hyundai,VENUE,2,14300.666666666666
Diesel,Manual,1283000,70691,MG,HECTOR PLUS,4,14138.2
Petrol,Manual,529000,80228,Hyundai,GRAND I10 NIOS,3,20057.0
Petrol,Manual,353000,139043,Honda,WR-V,8,15449.222222222223
Diesel,Manual,1086000,105054,KIA,CARENS,3,26263.5
Petrol,Missing Transmission,595000,56123,Hyundai,NEW I20,3,14030.75
Petrol,Missing Transmission,369000,52618,Renault,TRIBER,6,7516.857142857143
CNG,Manual,378000,115258,Tata,TIGOR,3,28814.5
Petrol,Manual,180000,69404,Maruti,Wagon R 1.0,11,5783.666666666667
Diesel,Manual,1421000,9944,MG,HECTOR,2,3314.6666666666665
CNG,Manual,660000,67968,Mahindra,XUV300,3,16992.0
Petrol,Missing Transmission,1208000,102801,MG,HECTOR,3,25700.25
Petrol,Missing Transmission,430000,19837,Maruti,New Wagon-R,7,2479.625
Petrol,Manual,956000,99797,Hyundai,Verna,3,24949.25
Petrol,Manual,413000,155543,Maruti,Dzire,5,25923.833333333332
Diesel,Manual,673000,93512,Hyundai,Creta,7,11689.0
Petrol,Manual,283000,90927,Tata,Tiago,8,10103.0
Diesel,Missing Transmission,1123000,68413,Tata,Harrier,4,13682.6
Diesel,Manual,656000,91874,Mahindra,XUV500,8,10208.222222222223
Petrol,Manual,649000,56068,KIA,SELTOS,6,8009.714285714285
Diesel,Manual,905000,44183,KIA,SELTOS,3,11045.75
Petrol,Manual,534000,48423,Hyundai,VENUE,5,8070.5
Petrol,Missing Transmission,859000,3789,Tata,NEXON,2,1263.0
Diesel,Missing Transmission,755000,131980,KIA,SELTOS,7,16497.5
Petrol,Manual,824000,70285,MG,HECTOR,4,14057.0
Diesel,Manual,976000,84462,KIA,CARENS,3,21115.5
Diesel,Missing Transmission,1094000,113907,KIA,CARENS,4,22781.4
Petrol,Manual,311000,79233,Ford,Ecosport,11,6602.75
Petrol,Manual,133000,63197,Datsun,Redi Go,10,5745.181818181818
Diesel,Manual,567000,53829,Mahindra,XUV500,10,4893.545454545455
Petrol,Manual,724000,27061,MG,ASTOR,2,9020.333333333334
Petrol,Manual,374000,100384,Volkswagen,Polo,9,10038.4
Petrol,Manual,705000,74557,MG,HECTOR,5,12426.166666666666
Petrol,Missing Transmission,748000,89255,Skoda,SLAVIA,3,22313.75
Petrol,Manual,382000,43785,Nissan,MAGNITE,4,8757.0
Petrol,Manual,332000,83208,Maruti,Baleno,9,8320.8
Petrol,Manual,466000,71096,Maruti,Swift,7,8887.0
CNG,Manual,426000,74376,Maruti,New Wagon-R,5,12396.0
Petrol,Manual,569000,91201,Tata,NEXON,4,18240.2
Petrol,Missing Transmission,1485000,63285,Mahindra,XUV700,4,12657.0
Petrol,Missing Transmission,1504000,41313,Mahindra,XUV700,4,8262.6
Petrol,Manual,137000,72739,Datsun,Redi Go,8,8082.111111111111
Diesel,Manual,281000,85152,Ford,Ecosport,12,6550.153846153846
Petrol,Missing Transmission,787000,73272,MG,HECTOR,6,10467.42857142857
Petrol,Missing Transmission,714000,49324,Jeep,Compass,8,5480.444444444444
Petrol,Missing Transmission,632000,114527,Mahindra,XUV300,4,22905.4
Petrol,Missing Transmission,1027999,52202,Skoda,SLAVIA,4,10440.4
Petrol,Manual,491000,86053,Hyundai,NEW I20,5,14342.166666666666
Petrol,Missing Transmission,355000,52870,Maruti,Swift,7,6608.75
Petrol,Manual,538000,113698,Maruti,Vitara Brezza,5,18949.666666666668
Petrol,Manual,438000,74092,Maruti,Baleno,4,14818.4
CNG,Missing Transmission,213000,108443,Maruti,Celerio,12,8341.76923076923
Petrol,Manual,163000,73497,Renault,Kwid,10,6681.545454545455
Petrol,Manual,675000,62558,Maruti,Ciaz,3,15639.5
Petrol,Manual,368000,89741,Hyundai,Elite i20,8,9971.222222222223
Petrol,Manual,339000,68810,Honda,City,12,5293.076923076923
Petrol,Manual,538000,63294,Hyundai,Creta,10,5754.0
Petrol,Missing Transmission,918000,99077,KIA,SELTOS,5,16512.833333333332
Petrol,Missing Transmission,277000,55863,Datsun,Redi Go,5,9310.5
Petrol,Missing Transmission,675000,88180,Jeep,Compass,8,9797.777777777777
Petrol,Manual,866000,82121,Skoda,SLAVIA,2,27373.666666666668
Petrol,Missing Transmission,518000,49557,Maruti,Swift,5,8259.5
Petrol,Manual,634000,72075,Maruti,Vitara Brezza,4,14415.0
Petrol,Manual,408000,42185,Nissan,MAGNITE,5,7030.833333333333
Petrol,Manual,322000,66295,Maruti,IGNIS,9,6629.5
Petrol,Manual,227999,12350,Renault,Kwid,8,1372.2222222222222
Petrol,Manual,265000,15059,Renault,Kwid,6,2151.285714285714
CNG,Manual,416000,90117,Tata,Tiago,4,18023.4
Petrol,Manual,164000,50621,Maruti,Wagon R 1.0,11,4218.416666666667
Petrol,Manual,277000,50428,Tata,Tiago,8,5603.111111111111
Petrol,Manual,525000,60821,Hyundai,Creta,9,6082.1
Petrol,Missing Transmission,802999,79294,KIA,SELTOS,7,9911.75
Diesel,Missing Transmission,1411000,65976,KIA,SELTOS,3,16494.0
Petrol,Manual,663000,113387,MG,HECTOR,6,16198.142857142857
Petrol,Missing Transmission,996000,34634,Mahindra,Thar,5,5772.333333333333
CNG,Manual,195000,67896,Datsun,Redi Go,9,6789.6
Petrol,Missing Transmission,650000,10706,Hyundai,EXTER,2,3568.6666666666665
Petrol,Missing Transmission,499000,79149,Jeep,Compass,9,7914.9
Petrol,Missing Transmission,726000,94720,Jeep,Compass,8,10524.444444444445
Petrol,Manual,358000,50804,Maruti,Swift,6,7257.714285714285
Petrol,Manual,357000,68233,Nissan,MAGNITE,4,13646.6
Petrol,Manual,280000,51450,Maruti,Swift,10,4677.272727272727
Petrol,Manual,635000,83787,Maruti,Vitara Brezza,4,16757.4
Petrol,Manual,575000,38032,Hyundai,VENUE,5,6338.666666666667
Petrol,Manual,364000,63529,Hyundai,Elite i20,10,5775.363636363636
CNG,Manual,669000,57922,Hyundai,AURA,2,19307.333333333332
CNG,Manual,412000,68348,Maruti,New Wagon-R,7,8543.5
Petrol,Manual,249000,70771,Tata,Tiago,10,6433.727272727273
Petrol,Manual,341000,72805,Tata,Tiago,7,9100.625
Petrol,Manual,341000,52855,Honda,City,11,4404.583333333333
Diesel,Manual,1078000,59576,Tata,Safari,5,9929.333333333334
Petrol,Missing Transmission,968000,62802,Tata,NEXON,3,15700.5
Petrol,Missing Transmission,844000,76892,MG,HECTOR,5,12815.333333333334
Petrol,Missing Transmission,1105000,74208,Toyota,URBAN CRUISER HYRYDER,4,14841.6
Petrol,Missing Transmission,437000,57655,Ford,Ecosport,10,5241.363636363636
Petrol,Manual,162000,61941,Datsun,Redi Go,9,6194.1
Petrol,Missing Transmission,463000,58115,Maruti,Swift,7,7264.375
Petrol,Manual,577000,62712,KIA,SONET,3,15678.0
Petrol,Manual,417000,66694,Nissan,MAGNITE,3,16673.5
Petrol,Manual,413000,101629,Maruti,Swift,4,20325.8
Petrol,Manual,398000,19810,Renault,Kwid,2,6603.333333333333
CNG,Manual,363000,103756,Maruti,New Wagon-R,5,17292.666666666668
Petrol,Manual,604000,102115,Maruti,Vitara Brezza,4,20423.0
Petrol,Manual,214000,47240,Renault,Kwid,10,4294.545454545455
Petrol,Manual,418000,112311,Renault,TRIBER,4,22462.2
Petrol,Manual,344000,50920,Maruti,Baleno,9,5092.0
CNG,Manual,395000,123137,Maruti,Eeco,6,17591.0
Petrol,Missing Transmission,621000,42272,Toyota,URBAN CRUISER,4,8454.4
CNG,Manual,175000,46355,Maruti,Wagon R 1.0,12,3565.769230769231
Petrol,Manual,398000,35915,Maruti,Ciaz,10,3265.0
Petrol,Manual,327000,68028,Honda,City,12,5232.923076923077
Petrol,Manual,316000,66433,Tata,Tiago,7,8304.125
Petrol,Manual,470000,45727,Mahindra,XUV300,4,9145.4
Petrol,Missing Transmission,572000,57451,Hyundai,Creta,9,5745.1
Petrol,Manual,807000,92501,KIA,SELTOS,3,23125.25
Diesel,Missing Transmission,1082000,48384,Tata,Safari,4,9676.8
Petrol,Manual,261000,24400,Volkswagen,Polo,12,1876.923076923077
Petrol,Missing Transmission,592000,60261,Jeep,Compass,8,6695.666666666667
Petrol,Missing Transmission,3567000,11198,Audi,A4,2,3732.6666666666665
CNG,Manual,503000,48700,Tata,Tiago,3,12175.0
Petrol,Manual,437000,47372,Maruti,Swift,3,11843.0
Petrol,Manual,563000,129073,KIA,SONET,4,25814.6
Petrol,Manual,153000,74802,Renault,Kwid,10,6800.181818181818
Petrol,Manual,195000,23875,Renault,Kwid,10,2170.4545454545455
Petrol,Manual,168000,92229,Maruti,Wagon R 1.0,12,7094.538461538462
Petrol,Manual,239000,73455,Tata,Tiago,8,8161.666666666667
Petrol,Manual,309000,75536,Honda,City,12,5810.461538461538
Petrol,Missing Transmission,360000,64938,Ford,Ecosport,10,5903.454545454545
Petrol,Manual,455000,63350,Mahindra,XUV300,5,10558.333333333334
Petrol,Missing Transmission,434999,71638,Honda,City,11,5969.833333333333
CNG,Manual,610000,59951,Hyundai,AURA,4,11990.2
Petrol,Missing Transmission,1267000,34431,Mahindra,XUV700,4,6886.2
Petrol,Missing Transmission,721000,104024,MG,HECTOR,7,13003.0
Petrol,Manual,256999,28288,Datsun,Go Plus,8,3143.1111111111113
Petrol,Manual,659000,80219,Skoda,KUSHAQ,3,20054.75
CNG,Manual,1119000,48374,Maruti,XL6,3,12093.5
Petrol,Missing Transmission,574000,39752,Maruti,Swift,4,7950.4
Petrol,Manual,400000,78869,Nissan,MAGNITE,4,15773.8
Petrol,Manual,167000,52881,Renault,Kwid,10,4807.363636363636
Petrol,Missing Transmission,445000,69378,Maruti,Baleno,7,8672.25
Petrol,Manual,238000,69009,Renault,Kwid,6,9858.42857142857
Petrol,Manual,266000,60316,Hyundai,Elite i20,10,5483.272727272727
Petrol,Manual,243000,36660,Tata,Tiago,10,3332.7272727272725
Petrol,Manual,163000,75668,Maruti,Wagon R 1.0,11,6305.666666666667
Diesel,Manual,628000,56185,Mahindra,XUV300,5,9364.166666666666
Petrol,Missing Transmission,558000,57638,Hyundai,Creta,9,5763.8
Petrol,Manual,398000,92605,Ford,Ecosport,6,13229.285714285714
Petrol,Missing Transmission,798000,57355,Skoda,KUSHAQ,4,11471.0
Petrol,Missing Transmission,606000,89441,Jeep,Compass,8,9937.888888888889
Petrol,Missing Transmission,4113000,17116,Mercedes,Benz GLC CLASS,4,3423.2
Petrol,Missing Transmission,569000,64321,Maruti,Baleno,4,12864.2
Petrol,Missing Transmission,575000,18760,Maruti,New Wagon-R,2,6253.333333333333
Petrol,Manual,360000,36264,Hyundai,Elite i20,9,3626.4
Petrol,Manual,297000,96196,Tata,Tiago,7,12024.5
Petrol,Missing Transmission,417000,45129,Honda,City,10,4102.636363636364
Petrol,Manual,215000,44551,Maruti,Celerio,10,4050.090909090909
Petrol,Missing Transmission,843000,83479,KIA,SELTOS,4,16695.8
Petrol,Manual,695000,38104,MG,ASTOR,2,12701.333333333334
Petrol,Manual,646000,91507,Skoda,KUSHAQ,4,18301.4
Petrol,Manual,764000,77526,Volkswagen,VIRTUS,4,15505.2
Petrol,Manual,273000,67814,Maruti,Swift,11,5651.166666666667
Petrol,Manual,200000,56568,Renault,Kwid,7,7071.0
Petrol,Manual,161000,40624,Renault,Kwid,10,3693.090909090909
Petrol,Manual,187000,26237,Maruti,Wagon R 1.0,12,2018.2307692307693
Petrol,Manual,345000,61718,Maruti,Dzire,8,6857.555555555556
Petrol,Missing Transmission,375000,57536,Honda,City,11,4794.666666666667
Petrol,Missing Transmission,655000,64878,Hyundai,Creta,8,7208.666666666667
Petrol,Manual,459999,106801,Mahindra,XUV300,7,13350.125
Petrol,Missing Transmission,523000,62629,Skoda,Superb,12,4817.615384615385
Petrol,Missing Transmission,2397000,28269,Mercedes,Benz C Class,8,3141.0
Petrol,Missing Transmission,628000,105006,Jeep,Compass,8,11667.333333333334
Petrol,Manual,312000,30486,Maruti,Swift,9,3048.6
Petrol,Missing Transmission,388000,26043,Renault,Kwid,1,13021.5
Petrol,Manual,409000,19105,Nissan,MAGNITE,5,3184.1666666666665
Petrol,Manual,202999,65753,Maruti,Alto K10,10,5977.545454545455
CNG,Manual,480000,16154,Maruti,New Wagon-R,2,5384.666666666667
CNG,Manual,474000,55180,Tata,Tiago,4,11036.0
Petrol,Manual,303000,77543,Toyota,Etios Liva,8,8615.888888888889
Petrol,Manual,471000,31544,Tata,Tiago,4,6308.8
Petrol,Missing Transmission,615000,41031,Toyota,Glanza,4,8206.2
Petrol,Manual,392000,91334,Skoda,Rapid,8,10148.222222222223
CNG,Manual,484999,24253,Hyundai,AURA,5,4042.1666666666665
Petrol,Missing Transmission,2104000,49715,BMW,X1,5,8285.833333333334
Petrol,Manual,221000,54159,Renault,Kwid,5,9026.5
Petrol,Manual,455000,76425,Nissan,MAGNITE,4,15285.0
Petrol,Missing Transmission,720000,21948,Maruti,Baleno,2,7316.0
CNG,Manual,359000,74538,Maruti,Celerio,6,10648.285714285714
Petrol,Missing Transmission,574000,31660,Toyota,Glanza,5,5276.666666666667
Petrol,Manual,1154000,66297,Mahindra,XUV700,4,13259.4
Petrol,Missing Transmission,1632999,43177,KIA,SELTOS,1,21588.5
Petrol,Manual,266000,47253,Maruti,Alto K10,9,4725.3
Petrol,Missing Transmission,522000,64510,Skoda,Rapid,8,7167.777777777777
Petrol,Missing Transmission,950000,66324,Jeep,Compass,7,8290.5
Petrol,Manual,901000,34983,Volkswagen,VIRTUS,4,6996.6
Petrol,Missing Transmission,359000,25372,Renault,Kwid,3,6343.0
Petrol,Manual,275000,71775,Maruti,Swift,9,7177.5
Petrol,Manual,148000,60545,Renault,Kwid,11,5045.416666666667
Petrol,Missing Transmission,726000,19317,Maruti,Baleno,1,9658.5
Petrol,Manual,347000,55521,Hyundai,Elite i20,10,5047.363636363636
Petrol,Missing Transmission,231000,70466,Maruti,Alto K10,8,7829.555555555556
Petrol,Missing Transmission,476000,27984,Tata,Tiago,3,6996.0
Petrol,Manual,183000,54826,Maruti,Celerio,11,4568.833333333333
CNG,Missing Transmission,475000,50745,Tata,Tiago,2,16915.0
Petrol,Manual,345000,102193,Honda,City,12,7861.0
CNG,Manual,470000,29917,Tata,Tiago,2,9972.333333333334
Diesel,Manual,1077000,62107,Hyundai,Creta,5,10351.166666666666
Petrol,Manual,1412000,66086,Mahindra,XUV700,3,16521.5
Petrol,Missing Transmission,918000,70524,KIA,SELTOS,5,11754.0
Petrol,Manual,218000,76151,Maruti,Alto 800,8,8461.222222222223
Petrol,Manual,463000,52871,Ford,Ecosport,7,6608.875
Petrol,Manual,958000,6662,Volkswagen,VIRTUS,2,2220.6666666666665
Diesel,Manual,1605999,64272,Jeep,MERIDIAN,4,12854.4
Diesel,Manual,461000,74366,Maruti,Swift,7,9295.75
Petrol,Manual,461000,41949,Nissan,MAGNITE,2,13983.0
CNG,Manual,443000,85824,Maruti,Baleno,6,12260.57142857143
Petrol,Manual,353000,23233,Maruti,Celerio,2,7744.333333333333
Petrol,Manual,286000,62943,Toyota,Etios,11,5245.25
Petrol,Missing Transmission,277000,36196,Maruti,Wagon R 1.0,9,3619.6
Petrol,Manual,223000,65737,Hyundai,i10,10,5976.090909090909
Petrol,Missing Transmission,509000,19334,Tata,Tiago,3,4833.5
Petrol,Manual,527000,48986,Honda,City,8,5442.888888888889
Petrol,Missing Transmission,911000,50398,Hyundai,Creta,6,7199.714285714285
Petrol,Manual,1181000,70941,Mahindra,XUV700,4,14188.2
Diesel,Manual,938000,65368,Hyundai,Creta,2,21789.333333333332
Petrol,Missing Transmission,875000,67232,Volkswagen,VIRTUS,4,13446.4
Diesel,Missing Transmission,1905999,32586,Jeep,MERIDIAN,4,6517.2
Petrol,Manual,258000,33517,Maruti,Swift,11,2793.0833333333335
Petrol,Manual,716000,75110,KIA,SONET,4,15022.0
Petrol,Missing Transmission,198000,100783,Renault,Kwid,9,10078.3
Petrol,Manual,208000,28036,Maruti,Alto K10,11,2336.3333333333335
Petrol,Manual,367000,56943,Tata,NEXON,9,5694.3
Petrol,Missing Transmission,318000,41312,Maruti,Celerio,8,4590.222222222223
Petrol,Manual,325000,76881,Hyundai,Grand i10,8,8542.333333333334
Petrol,Manual,458000,36276,Maruti,Ciaz,9,3627.6
Petrol,Manual,324000,110745,Honda,City,11,9228.75
Diesel,Manual,943000,80607,Hyundai,Creta,4,16121.4
Petrol,Missing Transmission,1402000,42501,KIA,SELTOS,3,10625.25
Petrol,Missing Transmission,1246000,38665,MG,HECTOR,3,9666.25
CNG,Manual,258000,49487,Renault,Kwid,8,5498.555555555556
Diesel,Missing Transmission,1973000,64703,Jeep,MERIDIAN,4,12940.6
Petrol,Missing Transmission,200000,87179,Renault,Kwid,9,8717.9
Petrol,Manual,408000,65303,Tata,NEXON,6,9329.0
Petrol,Manual,326000,48515,Hyundai,Grand i10,8,5390.555555555556
Petrol,Manual,343000,50689,Hyundai,Grand i10,8,5632.111111111111
Petrol,Manual,373000,30364,Maruti,Ciaz,11,2530.3333333333335
Petrol,Missing Transmission,900000,62808,Hyundai,Creta,6,8972.57142857143
Petrol,Missing Transmission,1301000,53521,Mahindra,XUV700,4,10704.2
Diesel,Manual,894000,36438,KIA,SELTOS,2,12146.0
Petrol,Manual,720000,42992,Tata,NEXON,4,8598.4
Petrol,Missing Transmission,965000,64199,Volkswagen,VIRTUS,3,16049.75
Petrol,Missing Transmission,195000,47686,Renault,Kwid,9,4768.6
Petrol,Manual,530000,25035,Nissan,MAGNITE,2,8345.0
Petrol,Missing Transmission,275000,31866,Maruti,Alto K10,9,3186.6
CNG,Manual,190000,123212,Maruti,Alto K10,9,12321.2
Petrol,Manual,407000,39979,Tata,NEXON,8,4442.111111111111
Petrol,Missing Transmission,1080000,45523,Hyundai,Creta,3,11380.75
Diesel,Missing Transmission,1279000,50005,Mahindra,XUV700,4,10001.0
Petrol,Missing Transmission,1264000,76680,Hyundai,Creta,4,15336.0
Petrol,Manual,949000,18706,Toyota,URBAN CRUISER HYRYDER,2,6235.333333333333
Petrol,Missing Transmission,1290000,34235,KIA,SELTOS,3,8558.75
Petrol,Missing Transmission,1009000,24823,MG,HECTOR,5,4137.166666666667
Petrol,Manual,621000,62759,Maruti,Ciaz,2,20919.666666666668
Petrol,Missing Transmission,234000,44922,Renault,Kwid,8,4991.333333333333
Petrol,Manual,486000,18604,Nissan,MAGNITE,3,4651.0
Petrol,Manual,363000,40696,Renault,TRIBER,6,5813.714285714285
CNG,Manual,379000,104939,Tata,NEXON,8,11659.888888888889
Petrol,Manual,398000,25266,Tata,NEXON,8,2807.3333333333335
Petrol,Manual,463000,50019,Maruti,Ciaz,7,6252.375
Petrol,Missing Transmission,296000,72000,Honda,City,11,6000.0
Petrol,Manual,1464000,30585,Mahindra,XUV700,1,15292.5
CNG,Manual,1002000,75739,Toyota,URBAN CRUISER HYRYDER,3,18934.75
Petrol,Missing Transmission,1261000,55195,KIA,SELTOS,3,13798.75
Petrol,Manual,214000,72504,Hyundai,Eon,9,7250.4
Petrol,Manual,275000,87275,Volkswagen,Ameo,10,7934.090909090909
Petrol,Manual,529000,42330,Tata,NEXON,4,8466.0
Petrol,Manual,378000,30792,Maruti,Dzire,8,3421.3333333333335
Petrol,Missing Transmission,624000,24560,Nissan,MAGNITE,3,6140.0
Petrol,Manual,306000,37691,Maruti,Celerio,4,7538.2
Petrol,Manual,349000,47532,Renault,TRIBER,5,7922.0
Petrol,Manual,419000,67684,Maruti,Ciaz,8,7520.444444444444
Petrol,Manual,474000,71580,Maruti,Ciaz,9,7158.0
Petrol,Manual,646000,50156,Tata,NEXON,4,10031.2
CNG,Manual,351000,67360,Hyundai,Grand i10,8,7484.444444444444
Petrol,Manual,505000,66224,Honda,City,8,7358.222222222223
Diesel,Missing Transmission,1330000,98755,Mahindra,XUV700,3,24688.75
Hybrid,Missing Transmission,1319000,69429,Toyota,URBAN CRUISER HYRYDER,3,17357.25
Petrol,Manual,412000,78003,Honda,Amaze,6,11143.285714285714
Petrol,Manual,271000,20829,Maruti,Alto,6,2975.5714285714284
Petrol,Manual,767000,79041,Volkswagen,TAIGUN,4,15808.2
Petrol,Manual,379000,59934,Maruti,IGNIS,7,7491.75
Petrol,Missing Transmission,630000,25432,Nissan,MAGNITE,2,8477.333333333334
Petrol,Manual,336000,64712,Renault,TRIBER,5,10785.333333333334
Petrol,Manual,433000,105643,Maruti,Ciaz,7,13205.375
Petrol,Manual,244000,73144,Hyundai,Grand i10,11,6095.333333333333
Petrol,Manual,542000,72075,Tata,NEXON,5,12012.5
Petrol,Manual,534000,89300,Hyundai,VENUE,5,14883.333333333334
Petrol,Manual,539000,53582,Hyundai,VENUE,5,8930.333333333334
Petrol,Manual,693000,40779,KIA,SONET,3,10194.75
Hybrid,Missing Transmission,1393000,30865,Toyota,URBAN CRUISER HYRYDER,3,7716.25
Petrol,Manual,423000,48713,Honda,Amaze,7,6089.125
Petrol,Manual,332000,59711,Honda,Amaze,10,5428.272727272727
Petrol,Manual,280000,74535,Maruti,IGNIS,9,7453.5
Petrol,Missing Transmission,715000,83936,Volkswagen,TAIGUN,4,16787.2
Petrol,Manual,428000,43793,Renault,TRIBER,3,10948.25
Petrol,Manual,482000,73072,Maruti,Dzire,5,12178.666666666666
Petrol,Manual,266000,67206,Hyundai,Grand i10,9,6720.6
Petrol,Manual,282000,20779,Hyundai,Grand i10,11,1731.5833333333333
CNG,Manual,327000,71146,Maruti,IGNIS,7,8893.25
Petrol,Missing Transmission,633000,49258,Hyundai,VENUE,6,7036.857142857143
CNG,Missing Transmission,348000,60594,Maruti,Celerio,7,7574.25
Petrol,Manual,595000,59270,Tata,NEXON,4,11854.0
Petrol,Manual,553000,23860,Hyundai,AURA,3,5965.0
Petrol,Manual,449000,68797,Honda,City,9,6879.7
Petrol,Manual,301000,104585,Toyota,Corolla Altis,12,8045.0
Petrol,Missing Transmission,1119000,42456,MG,HECTOR PLUS,4,8491.2
Petrol,Manual,240000,67220,Hyundai,NEW SANTRO,7,8402.5
Petrol,Manual,513999,64813,Hyundai,NEW I20,4,12962.6
Petrol,Manual,214000,63930,Honda,Amaze,11,5327.5
Petrol,Manual,243000,28915,Honda,Brio,10,2628.6363636363635
CNG,Manual,535000,50497,Maruti,Dzire,4,10099.4
Petrol,Manual,258000,68906,Hyundai,Grand i10,10,6264.181818181818
Petrol,Manual,580000,35820,Hyundai,VENUE,4,7164.0
Petrol,Manual,418000,15847,Maruti,Celerio,3,3961.75
Petrol,Missing Transmission,581000,81985,Toyota,Corolla Altis,10,7453.181818181818
Petrol,Missing Transmission,1404000,100822,Mahindra,SCORPIO-N,3,25205.5
Diesel,Manual,1435000,22751,MG,HECTOR PLUS,3,5687.75
Petrol,Manual,369000,45226,Honda,Jazz,9,4522.6
Petrol,Manual,645000,60354,Hyundai,NEW I20,4,12070.8
Petrol,Manual,403000,63587,Tata,ALTROZ,4,12717.4
Petrol,Manual,296000,43988,Ford,Figo Aspire,9,4398.8
Petrol,Missing Transmission,1053000,71513,Volkswagen,TAIGUN,2,23837.666666666668
CNG,Manual,430999,37942,Maruti,IGNIS,4,7588.4
Petrol,Manual,523000,79606,Nissan,Kicks,4,15921.2
Petrol,Missing Transmission,296000,17594,Maruti,Celerio,8,1954.888888888889
Petrol,Manual,529000,25429,Tata,NEXON,3,6357.25
Petrol,Missing Transmission,338000,52969,Renault,TRIBER,5,8828.166666666666
Petrol,Manual,465000,53843,Tata,NEXON,3,13460.75
CNG,Manual,496000,66663,Maruti,Dzire,4,13332.6
Petrol,Manual,262000,80151,Honda,City,12,6165.461538461538
Petrol,Missing Transmission,1714999,32338,Mahindra,SCORPIO-N,2,10779.333333333334
Petrol,Manual,263000,61440,Ford,Figo Aspire,8,6826.666666666667
Petrol,Manual,392000,45240,Maruti,Eeco,3,11310.0
CNG,Manual,202999,72868,Hyundai,Eon,10,6624.363636363636
Petrol,Manual,241000,52031,Mahindra,Kuv100,10,4730.090909090909
Petrol,Manual,656000,25024,Nissan,Kicks,4,5004.8
Diesel,Manual,422000,73641,Renault,Duster,10,6694.636363636364
Petrol,Missing Transmission,767000,46229,Toyota,URBAN CRUISER,4,9245.8
Petrol,Manual,624000,40801,KIA,SONET,4,8160.2
Petrol,Missing Transmission,458000,51776,Renault,TRIBER,3,12944.0
Petrol,Manual,494000,61576,Hyundai,NEW I20,6,8796.57142857143
Petrol,Missing Transmission,413999,66651,Maruti,IGNIS,4,13330.2
Petrol,Manual,348000,31645,Ford,Figo Aspire,8,3516.1111111111113
Petrol,Manual,1289000,49745,Volkswagen,TAIGUN,2,16581.666666666668
Petrol,Manual,305000,18632,Hyundai,Grand i10,10,1693.8181818181818
Petrol,Manual,256000,91051,Maruti,Swift Dzire,9,9105.1
Petrol,Missing Transmission,301000,67036,Hyundai,Grand i10,9,6703.6
Petrol,Missing Transmission,294000,94094,Maruti,IGNIS,8,10454.888888888889
CNG,Manual,281000,77117,Honda,City,12,5932.076923076923
Petrol,Manual,628000,47474,KIA,SONET,6,6782.0
Petrol,Missing Transmission,734000,89060,Toyota,URBAN CRUISER,4,17812.0
Petrol,Manual,692000,23176,Hyundai,NEW I20,3,5794.0
Petrol,Manual,363000,64354,Tata,ALTROZ,6,9193.42857142857
Petrol,Missing Transmission,441000,73647,Volkswagen,Vento,10,6695.181818181818
Petrol,Missing Transmission,240000,55205,Nissan,Micra,11,4600.416666666667
Petrol,Missing Transmission,424000,26821,Maruti,IGNIS,4,5364.2
Petrol,Missing Transmission,767000,56953,Tata,NEXON,3,14238.25
Petrol,Missing Transmission,586000,46057,Hyundai,VENUE,6,6579.571428571428
Diesel,Missing Transmission,3278000,84102,Toyota,Fortuner,3,21025.5
Petrol,Manual,268000,66175,Honda,Amaze,10,6015.909090909091
Petrol,Manual,370000,46215,Volkswagen,Cross Polo,11,3851.25
Petrol,Missing Transmission,350000,119448,Volkswagen,Vento,9,11944.8
Petrol,Missing Transmission,338000,43103,Hyundai,NEW SANTRO,8,4789.222222222223
Petrol,Manual,273000,52006,Toyota,Etios Liva,11,4333.833333333333
Petrol,Manual,589000,41844,Maruti,BREZZA,3,10461.0
Petrol,Manual,274000,60209,Nissan,Terrano,12,4631.461538461538
Petrol,Manual,290000,90185,Hyundai,Grand i10,9,9018.5
Petrol,Manual,426000,23371,Renault,Kiger,4,4674.2
Petrol,Manual,276000,18094,Hyundai,Grand i10,10,1644.909090909091
Petrol,Manual,432000,85396,Hyundai,VENUE,7,10674.5
Petrol,Missing Transmission,450000,66686,Renault,Kiger,4,13337.2
Petrol,Missing Transmission,667000,11664,Maruti,IGNIS,1,5832.0
Petrol,Missing Transmission,608000,32909,Hyundai,VENUE,7,4113.625
Petrol,Manual,964000,32990,Maruti,Grand Vitara,3,8247.5
Diesel,Manual,1235000,49348,MG,HECTOR PLUS,3,12337.0
Petrol,Manual,336000,69680,Tata,TIAGO NRG,7,8710.0
Petrol,Missing Transmission,560000,93787,Volkswagen,Vento,7,11723.375
Petrol,Manual,333000,31712,Maruti,S PRESSO,3,7928.0
Diesel,Manual,413999,132045,Maruti,Vitara Brezza,8,14671.666666666666
Petrol,Manual,530000,60690,Hyundai,Verna,7,7586.25
Petrol,Manual,283000,83389,Hyundai,Grand i10,10,7580.818181818182
CNG,Manual,453000,48421,Maruti,Eeco,4,9684.2
Petrol,Missing Transmission,422000,68783,Renault,Duster,7,8597.875
Petrol,Missing Transmission,375000,56055,Renault,Duster,9,5605.5
Petrol,Missing Transmission,523000,37218,Maruti,IGNIS,3,9304.5
Petrol,Missing Transmission,739000,49867,Tata,NEXON,3,12466.75
Petrol,Missing Transmission,504000,58639,Honda,City,8,6515.444444444444
Petrol,Manual,517000,47033,KIA,SONET,6,6719.0
Hybrid,Missing Transmission,1345000,43315,Maruti,Grand Vitara,1,21657.5
Petrol,Missing Transmission,1339000,67344,Volkswagen,T-ROC,5,11224.0
Diesel,Manual,636000,73163,Mahindra,BOLERO NEO,5,12193.833333333334
Petrol,Manual,543000,73786,Maruti,Vitara Brezza,5,12297.666666666666
Petrol,Manual,372000,62339,Hyundai,Verna,10,5667.181818181818
Petrol,Manual,237000,85913,Hyundai,Grand i10,11,7159.416666666667
CNG,Manual,546000,27208,Maruti,Eeco,2,9069.333333333334
Petrol,Manual,665000,88857,Honda,City,6,12693.857142857143
CNG,Missing Transmission,664000,67935,Tata,NEXON,4,13587.0
Petrol,Manual,534000,64326,KIA,SONET,3,16081.5
Petrol,Missing Transmission,721000,46162,Maruti,BREZZA,4,9232.4
Petrol,Missing Transmission,902000,82410,MG,HECTOR PLUS,5,13735.0
Hybrid,Missing Transmission,1194000,75590,Maruti,Grand Vitara,3,18897.5
Petrol,Manual,307000,80574,Hyundai,NEW SANTRO,7,10071.75
CNG,Manual,176000,76200,Hyundai,i10,11,6350.0
Petrol,Missing Transmission,649000,59480,Maruti,FRONX,3,14870.0
Petrol,Manual,311000,88999,Hyundai,Grand i10,7,11124.875
Petrol,Missing Transmission,374000,105324,Honda,City,11,8777.0
Hybrid,Missing Transmission,1434000,73844,Maruti,Grand Vitara,3,18461.0
Petrol,Missing Transmission,1596000,19753,MG,HECTOR PLUS,2,6584.333333333333
Petrol,Manual,722000,29324,Hyundai,NEW I20,3,7331.0
Petrol,Manual,222000,72027,Honda,Amaze,12,5540.538461538462
Petrol,Manual,319000,81141,Honda,Amaze,8,9015.666666666666
Petrol,Manual,878999,37225,Maruti,BREZZA,3,9306.25
Petrol,Manual,330000,55582,Hyundai,Xcent,7,6947.75
Petrol,Manual,564000,57447,Maruti,Vitara Brezza,6,8206.714285714286
Petrol,Manual,292000,29647,Hyundai,Grand i10,10,2695.181818181818
Petrol,Missing Transmission,488999,65264,Honda,City,9,6526.4
Petrol,Missing Transmission,632000,14929,Hyundai,AURA,3,3732.25
Petrol,Manual,806000,22258,Honda,City,5,3709.6666666666665
CNG,Manual,598000,70843,Hyundai,AURA,4,14168.6
CNG,Manual,885000,5389,Tata,NEXON,0,5389.0
Petrol,Missing Transmission,939000,85034,MG,HECTOR PLUS,6,12147.714285714286
Petrol,Manual,580000,26206,Tata,PUNCH,2,8735.333333333334
Petrol,Manual,217000,116115,Hyundai,Eon,8,12901.666666666666
Petrol,Missing Transmission,698000,39967,Maruti,FRONX,3,9991.75
Petrol,Manual,356000,108382,Hyundai,Verna,10,9852.90909090909
Petrol,Missing Transmission,1010000,29939,Maruti,XL6,2,9979.666666666666
Petrol,Manual,742000,93483,Honda,City,4,18696.6
Petrol,Manual,902999,15192,Tata,NEXON,2,5064.0
Petrol,Missing Transmission,922000,88872,MG,HECTOR PLUS,5,14812.0
Petrol,Manual,476999,75363,Honda,WR-V,8,8373.666666666666
CNG,Manual,708000,56886,Tata,PUNCH,3,14221.5
Petrol,Manual,238000,109494,Hyundai,NEW SANTRO,8,12166.0
Petrol,Manual,488999,57572,Tata,ALTROZ,4,11514.4
Petrol,Manual,547000,27417,Tata,PUNCH,2,9139.0
Petrol,Manual,292000,79845,Tata,TIGOR,8,8871.666666666666
Petrol,Manual,302000,75783,Tata,TIGOR,6,10826.142857142857
Petrol,Manual,646000,85865,Maruti,Vitara Brezza,4,17173.0
Petrol,Missing Transmission,513999,56545,Maruti,Vitara Brezza,6,8077.857142857143
Petrol,Manual,578000,36347,KIA,SONET,5,6057.833333333333
Petrol,Manual,501000,94588,Honda,City,4,18917.6
Petrol,Missing Transmission,1034000,19479,Mahindra,XUV 3XO,1,9739.5
Petrol,Missing Transmission,621000,33734,Tata,PUNCH,4,6746.8
Petrol,Missing Transmission,291000,40389,Honda,Amaze,11,3365.75
Petrol,Missing Transmission,616000,26229,Tata,PUNCH,2,8743.0
Petrol,Manual,504000,39290,Honda,Amaze,4,7858.0
Petrol,Manual,601000,35076,Maruti,Vitara Brezza,4,7015.2
Petrol,Manual,284000,31854,Hyundai,Xcent,11,2654.5
Diesel,Manual,1263000,61296,Mahindra,SCORPIO CLASSIC,4,12259.2
Petrol,Manual,583000,26172,Tata,ALTROZ,3,6543.0
Petrol,Missing Transmission,267000,75081,Honda,Brio,12,5775.461538461538
Petrol,Manual,448000,38078,Honda,Amaze,7,4759.75
Petrol,Manual,601000,41011,MG,ASTOR,3,10252.75
Petrol,Missing Transmission,707000,44491,Hyundai,EXTER,3,11122.75
CNG,Manual,457000,91707,Tata,TIGOR,4,18341.4
Diesel,Manual,1433000,45154,Mahindra,SCORPIO CLASSIC,3,11288.5
Petrol,Missing Transmission,1195000,81228,Hyundai,ALCAZAR,5,13538.0
Petrol,Missing Transmission,1253000,11009,Honda,ELEVATE,2,3669.6666666666665
Petrol,Manual,836999,53275,KIA,CARENS,4,10655.0
Petrol,Missing Transmission,476999,44637,Honda,BR-V,10,4057.909090909091
CNG,Manual,487000,94845,Tata,TIGOR,4,18969.0
CNG,Manual,670000,27020,Tata,PUNCH,1,13510.0
Petrol,Missing Transmission,462000,43374,Tata,ALTROZ,4,8674.8
Petrol,Missing Transmission,536000,60736,Honda,Jazz,4,12147.2
Petrol,Manual,762000,10081,MG,ASTOR,2,3360.3333333333335
Petrol,Missing Transmission,677000,13088,Hyundai,EXTER,2,4362.666666666667
Diesel,Manual,918000,108459,KIA,CARENS,4,21691.8
Petrol,Missing Transmission,1124000,56302,Honda,ELEVATE,2,18767.333333333332
Petrol,Missing Transmission,1148000,7801,KIA,SYROS,1,3900.5
Petrol,Missing Transmission,564000,42313,Honda,Amaze,4,8462.6
CNG,Manual,613000,39709,Tata,ALTROZ,3,9927.25
CNG,Manual,525000,84039,Tata,ALTROZ,3,21009.75
CNG,Manual,413000,78340,Tata,TIGOR,4,15668.0
Petrol,Missing Transmission,509999,26191,Honda,Amaze,7,3273.875
CNG,Manual,538000,39544,Hyundai,EXTER,3,9886.0
Petrol,Missing Transmission,492000,100202,Honda,BR-V,10,9109.272727272728
CNG,Manual,500000,79353,Tata,TIGOR,2,26451.0
Petrol,Missing Transmission,1048000,37538,Honda,ELEVATE,2,12512.666666666666
Petrol,Manual,897000,37700,KIA,CARENS,3,9425.0
Petrol,Missing Transmission,951000,112096,Honda,Civic,7,14012.0
Diesel,Missing Transmission,2357000,36504,MG,GLOSTER,3,9126.0
Petrol,Missing Transmission,593000,22451,Honda,Amaze,3,5612.75
CNG,Manual,455999,67972,Tata,TIGOR,4,13594.4
Petrol,Missing Transmission,1055000,10215,Tata,Curvv,1,5107.5
Petrol,Missing Transmission,664000,23796,Tata,ALTROZ,3,5949.0
Petrol,Missing Transmission,707000,11859,Tata,ALTROZ,1,5929.5
CNG,Manual,493000,88585,Tata,TIGOR,4,17717.0
Petrol,Missing Transmission,1210000,20601,KIA,CARENS,3,5150.25
Petrol,Manual,1090000,28402,Tata,Curvv,2,9467.333333333334
Petrol,Missing Transmission,986000,89668,KIA,CARENS,4,17933.6
Diesel,Manual,977000,90242,Tata,Harrier,5,15040.333333333334
Diesel,Missing Transmission,998000,115027,Tata,Harrier,4,23005.4
Petrol,Missing Transmission,1131000,6773,Tata,Curvv,2,2257.6666666666665
Petrol,Missing Transmission,417000,58886,Honda,City,11,4907.166666666667
Petrol,Manual,778000,28829,KIA,SONET,2,9609.666666666666
Diesel,Missing Transmission,952000,42398,Tata,Harrier,5,7066.333333333333
Diesel,Manual,843000,81472,KIA,SELTOS,7,10184.0
Petrol,Missing Transmission,824000,79515,MG,HECTOR,7,9939.375
Petrol,Manual,373000,91724,Maruti,Ertiga,11,7643.666666666667
Petrol,Manual,670000,38626,Tata,NEXON,4,7725.2
Petrol,Manual,735000,70543,Jeep,Compass,8,7838.111111111111
Petrol,Manual,324000,96977,Tata,Tiago,7,12122.125
Petrol,Missing Transmission,332000,85120,Tata,Tiago,8,9457.777777777777
Petrol,Manual,560000,71584,Jeep,Compass,8,7953.777777777777
Petrol,Manual,1128000,3220,Tata,NEXON,1,1610.0
Petrol,Manual,496000,115234,Volkswagen,Polo,6,16462.0
CNG,Manual,303000,105182,Maruti,Celerio,8,11686.888888888889
Petrol,Manual,428000,30126,Renault,TRIBER,5,5021.0
Diesel,Manual,1123000,38340,Tata,Harrier,3,9585.0
Petrol,Manual,432000,71118,Hyundai,Elite i20,8,7902.0
Petrol,Manual,726000,40045,Tata,NEXON,4,8009.0
Petrol,Missing Transmission,1475000,15647,MG,HECTOR PLUS,3,3911.75
Petrol,Missing Transmission,1170000,38311,Volkswagen,VIRTUS,3,9577.75
Petrol,Missing Transmission,575000,31792,Tata,NEXON,7,3974.0
Petrol,Missing Transmission,932000,42080,Maruti,Ciaz,2,14026.666666666666
Petrol,Manual,914000,60679,Hyundai,Creta,3,15169.75
Petrol,Manual,725000,56582,Volkswagen,TAIGUN,4,11316.4
Petrol,Manual,864000,64925,KIA,SELTOS,3,16231.25
Petrol,Manual,400000,65771,Nissan,MAGNITE,5,10961.833333333334
Petrol,Manual,459000,73036,Hyundai,Creta,9,7303.6
CNG,Manual,438999,52858,Tata,Tiago,3,13214.5
Petrol,Missing Transmission,323000,73472,Tata,Tiago,9,7347.2
Petrol,Manual,637000,38155,Tata,NEXON,2,12718.333333333334
Petrol,Manual,526000,70419,Honda,City,8,7824.333333333333
Petrol,Manual,731000,82594,Toyota,Glanza,3,20648.5
Petrol,Missing Transmission,720000,114322,Maruti,Ciaz,6,16331.714285714286
Petrol,Manual,532000,119833,Maruti,Ertiga,8,13314.777777777777
Petrol,Manual,263000,78426,Mahindra,KUV 100 NXT,9,7842.6
CNG,Manual,245000,125147,Maruti,Swift Dzire,9,12514.7
Petrol,Manual,165000,53485,Hyundai,i20,13,3820.3571428571427
CNG,Manual,135000,129470,Maruti,Wagon R 1.0,13,9247.857142857143
Petrol,Manual,560000,65379,Maruti,Ertiga,9,6537.9
Petrol,Manual,250000,82771,Tata,Tiago,9,8277.1
CNG,Manual,150000,80195,Maruti,Wagon R 1.0,11,6682.916666666667
CNG,Manual,293000,96272,Tata,Tiago,8,10696.888888888889
Petrol,Manual,280000,98997,Maruti,Swift Dzire,12,7615.153846153846
Petrol,Missing Transmission,223000,155631,Volkswagen,Vento,12,11971.615384615385
Diesel,Manual,500000,140485,Maruti,Swift,8,15609.444444444445
Petrol,Manual,360000,202095,Renault,TRIBER,4,40419.0
Petrol,Missing Transmission,227999,87073,Hyundai,Verna,13,6219.5
CNG,Manual,326000,235742,Maruti,Eeco,7,29467.75
CNG,Manual,210000,69033,Maruti,Wagon R 1.0,11,5752.75
Petrol,Manual,540000,67833,Maruti,Swift,6,9690.42857142857
Petrol,Manual,150000,18089,Mahindra,Kuv100,9,1808.9
CNG,Manual,440000,78879,Hyundai,GRAND I10 NIOS,6,11268.42857142857
Petrol,Manual,200000,83405,Honda,City,13,5957.5
Petrol,Manual,115999,81769,Hyundai,Eon,12,6289.923076923077
Petrol,Manual,140000,108550,Maruti,Wagon R 1.0,12,8350.0
Petrol,Missing Transmission,210000,152827,Maruti,Celerio,11,12735.583333333334
Petrol,Manual,245000,92206,Hyundai,Xcent,12,7092.7692307692305
Petrol,Manual,484000,31093,Tata,PUNCH,3,7773.25
Petrol,Manual,480000,58003,Maruti,Dzire,7,7250.375
Petrol,Manual,242000,78787,Hyundai,Elite i20,12,6060.538461538462
Petrol,Manual,500000,89751,Tata,PUNCH,5,14958.5
CNG,Manual,150000,131727,Maruti,Wagon R 1.0,13,9409.07142857143
Petrol,Manual,373000,66620,Maruti,Swift,6,9517.142857142857
CNG,Manual,650000,31222,Tata,PUNCH,2,10407.333333333334
Petrol,Manual,490000,83275,Honda,Amaze,7,10409.375
Petrol,Manual,520000,93424,Maruti,Ertiga,7,11678.0
Petrol,Manual,290000,75389,Hyundai,Elite i20,12,5799.153846153846
Petrol,Manual,436000,61216,Renault,TRIBER,6,8745.142857142857
Petrol,Manual,380000,84236,Honda,City,8,9359.555555555555
Petrol,Manual,520000,109395,Tata,NEXON,6,15627.857142857143
CNG,Manual,370000,70951,Maruti,Swift,5,11825.166666666666
Diesel,Missing Transmission,475000,130262,Maruti,Vitara Brezza,8,14473.555555555555
Petrol,Manual,540000,70112,Nissan,MAGNITE,5,11685.333333333334
CNG,Missing Transmission,430999,103197,Honda,City,9,10319.7
Petrol,Manual,240000,84808,Toyota,Etios Liva,11,7067.333333333333
CNG,Missing Transmission,172000,134534,Honda,Amaze,13,9609.57142857143
Petrol,Manual,780000,96929,Maruti,XL6,5,16154.833333333334
CNG,Manual,530000,138649,Hyundai,AURA,5,23108.166666666668
Petrol,Manual,400000,92177,Hyundai,Elite i20,10,8379.727272727272
Diesel,Manual,153000,100498,Mahindra,Kuv100,10,9136.181818181818
Petrol,Manual,1000000,58700,Mahindra,Thar,5,9783.333333333334
CNG,Manual,409999,71208,Maruti,New Wagon-R,5,11868.0
Petrol,Manual,420000,52589,Maruti,New Wagon-R,5,8764.833333333334
Diesel,Missing Transmission,300000,139271,Volkswagen,Vento,10,12661.0
Petrol,Manual,225000,79178,Hyundai,Grand i10,12,6090.615384615385
Petrol,Manual,146000,108190,Renault,Kwid,8,12021.111111111111
Diesel,Manual,348000,76833,Maruti,Ciaz,9,7683.3
Petrol,Manual,451999,175005,Hyundai,Creta,10,15909.545454545454
Diesel,Missing Transmission,480000,124318,Tata,Hexa,7,15539.75
Petrol,Manual,270000,73226,Maruti,Swift Dzire,10,6656.909090909091
Petrol,Manual,350000,107559,Maruti,Baleno,9,10755.9
CNG,Manual,409999,96864,Tata,Tiago,4,19372.8
CNG,Manual,509999,114611,Maruti,Swift,4,22922.2
Diesel,Manual,680000,113155,Tata,Harrier,7,14144.375
CNG,Missing Transmission,368000,70714,Honda,City,11,5892.833333333333
Diesel,Manual,1500000,34644,Mahindra,Thar,3,8661.0
Petrol,Manual,157000,88330,Hyundai,Santro Xing,12,6794.615384615385
Diesel,Missing Transmission,1350000,82819,Toyota,Innova Crysta,8,9202.111111111111
CNG,Manual,401000,55642,Maruti,New Wagon-R,7,6955.25
Petrol,Manual,604000,40146,Nissan,MAGNITE,4,8029.2
Petrol,Manual,650000,46849,Tata,NEXON,4,9369.8
Petrol,Manual,614000,38785,Hyundai,Creta,10,3525.909090909091
Petrol,Missing Transmission,459999,63847,Honda,City,11,5320.583333333333
CNG,Manual,356000,65600,Hyundai,Xcent,8,7288.888888888889
Diesel,Manual,155000,131448,Hyundai,i20,14,8763.2
Petrol,Manual,290000,45367,Hyundai,Grand i10,10,4124.272727272727
Petrol,Manual,270000,86573,Maruti,Swift Dzire,10,7870.272727272727
CNG,Manual,372000,96555,Hyundai,Elite i20,10,8777.727272727272
Petrol,Manual,175000,75208,Hyundai,i10,12,5785.2307692307695
CNG,Manual,213000,138286,Maruti,Wagon R 1.0,10,12571.454545454546
Petrol,Manual,535000,40385,Ford,Ecosport,7,5048.125
CNG,Manual,400000,111508,Maruti,New Wagon-R,6,15929.714285714286
Petrol,Missing Transmission,600000,39449,Tata,TIGOR,4,7889.8
Diesel,Manual,420000,108388,Ford,Ecosport,8,12043.111111111111
Petrol,Manual,401999,79944,Hyundai,Grand i10,9,7994.4
Diesel,Manual,195000,111689,Volkswagen,Polo,13,7977.785714285715
CNG,Manual,174000,117464,Maruti,Wagon R 1.0,13,8390.285714285714
Petrol,Manual,472000,48790,Tata,Tiago,3,12197.5
Petrol,Manual,780000,87828,Hyundai,Creta,8,9758.666666666666
Petrol,Manual,210000,54453,Renault,Kwid,7,6806.625
Petrol,Manual,85000,64360,Hyundai,i10,13,4597.142857142857
Diesel,Manual,409999,102677,Maruti,Swift,9,10267.7
Petrol,Manual,370000,85031,Hyundai,Grand i10,9,8503.1
Petrol,Manual,490000,36103,Honda,City,11,3008.5833333333335
CNG,Manual,770000,39069,Tata,NEXON,2,13023.0
Petrol,Manual,103000,97843,Chevrolet,Sail,13,6988.785714285715
Petrol,Missing Transmission,715000,20267,Ford,Ecosport,6,2895.285714285714
Petrol,Missing Transmission,214000,87613,Mitsubishi,Outlander,15,5475.8125
Diesel,Manual,260000,85643,Hyundai,Grand i10,9,8564.3
Diesel,Manual,500000,93364,Hyundai,VENUE,7,11670.5
CNG,Manual,169000,63986,Honda,City,14,4265.733333333334
CNG,Manual,260000,88340,Tata,NEXON,8,9815.555555555555
CNG,Manual,125000,117073,Hyundai,Eon,11,9756.083333333334
CNG,Manual,93000,70677,Hyundai,i10,15,4417.3125
Petrol,Manual,310000,59411,Volkswagen,Polo,9,5941.1
Petrol,Manual,1200000,39164,Hyundai,Creta,5,6527.333333333333
Petrol,Missing Transmission,300000,125757,Maruti,IGNIS,9,12575.7
Petrol,Manual,135000,74782,Maruti,Ritz,14,4985.466666666666
CNG,Manual,490000,63007,Tata,PUNCH,4,12601.4
Petrol,Missing Transmission,1220000,49445,Hyundai,Verna,2,16481.666666666668
CNG,Manual,790000,21382,Tata,NEXON,1,10691.0
Diesel,Manual,567000,339522,Hyundai,VENUE,7,42440.25
Petrol,Manual,800000,55880,Maruti,BREZZA,4,11176.0
Petrol,Manual,193000,81198,Tata,Zest,10,7381.636363636364
CNG,Manual,310000,101685,Maruti,IGNIS,9,10168.5
CNG,Manual,190000,255809,Maruti,Wagon R 1.0,11,21317.416666666668
CNG,Manual,152000,142627,Honda,City,14,9508.466666666667
CNG,Manual,180000,95112,Maruti,Wagon R 1.0,12,7316.307692307692
Diesel,Manual,1050000,66962,KIA,CARENS,3,16740.5
Petrol,Missing Transmission,1670000,49710,Mahindra,XUV700,5,8285.0
Diesel,Manual,330000,116278,Maruti,Swift Dzire,10,10570.727272727272
CNG,Manual,290000,80916,Maruti,Celerio,7,10114.5
CNG,Manual,250000,53728,Tata,Tiago,9,5372.8
Diesel,Manual,200000,244854,Hyundai,Grand i10,12,18834.923076923078
CNG,Manual,354000,80462,Maruti,Baleno,8,8940.222222222223
Petrol,Manual,162000,126740,Maruti,Swift Dzire,13,9052.857142857143
Petrol,Missing Transmission,590000,8373,Tata,PUNCH,4,1674.6
CNG,Manual,306000,201982,Maruti,Baleno,11,16831.833333333332
CNG,Manual,64000,150277,Hyundai,i10,15,9392.3125
CNG,Manual,200000,134257,Maruti,Wagon R 1.0,11,11188.083333333334
CNG,Manual,249000,147285,Maruti,Wagon R 1.0,10,13389.545454545454
CNG,Missing Transmission,375000,171335,Honda,City,10,15575.90909090909
CNG,Manual,97000,116936,Maruti,Alto 800,14,7795.733333333334
CNG,Manual,250000,90948,Maruti,Celerio,9,9094.8
CNG,Manual,252000,83611,Honda,Amaze,12,6431.615384615385
CNG,Missing Transmission,215000,118788,Maruti,Wagon R 1.0,10,10798.90909090909
Petrol,Missing Transmission,450000,9703,Maruti,IGNIS,7,1212.875
Diesel,Manual,869999,180136,Hyundai,Creta,5,30022.666666666668
Petrol,Manual,80000,83285,Maruti,Wagon R 1.0,15,5205.3125
CNG,Manual,229999,104970,Tata,Tiago,8,11663.333333333334
Petrol,Manual,446000,32957,Honda,Amaze,4,6591.4
CNG,Manual,73000,127379,Hyundai,Santro Xing,15,7961.1875
Petrol,Manual,519000,61812,Hyundai,Elite i20,6,8830.285714285714
Petrol,Manual,350000,87712,Maruti,Swift,9,8771.2
Petrol,Manual,729000,58048,Renault,TRIBER,4,11609.6
Petrol,Manual,620000,65271,Tata,NEXON,3,16317.75
Petrol,Manual,143000,78716,Maruti,Alto 800,13,5622.571428571428
Petrol,Manual,100000,86767,Ford,Figo,11,7230.583333333333
Petrol,Manual,190000,42542,Maruti,Wagon R 1.0,13,3038.714285714286
CNG,Manual,1157000,33040,Maruti,Grand Vitara,2,11013.333333333334
CNG,Manual,115999,115842,Hyundai,i20,15,7240.125
CNG,Manual,68000,88029,Maruti,Alto,14,5868.6
Petrol,Manual,94000,101826,Renault,Kwid,11,8485.5
Petrol,Missing Transmission,1060000,121541,Hyundai,Creta,6,17363.0
CNG,Manual,167000,107582,Maruti,Wagon R 1.0,10,9780.181818181818
CNG,Manual,136000,117246,Maruti,Wagon R 1.0,13,8374.714285714286
CNG,Manual,199000,96382,Maruti,Wagon R 1.0,10,8762.0
CNG,Manual,368000,71497,Hyundai,Elite i20,6,10213.857142857143
CNG,Manual,90000,111906,Maruti,Wagon R 1.0,15,6994.125
CNG,Manual,176000,41779,Mahindra,Kuv100,9,4177.9
Petrol,Manual,470000,135689,Maruti,Dzire,9,13568.9
Petrol,Manual,320000,73890,Maruti,Celerio,7,9236.25
Petrol,Manual,233000,71527,Hyundai,Grand i10,11,5960.583333333333
CNG,Manual,150000,119569,Maruti,Alto 800,11,9964.083333333334
Petrol,Manual,919999,45264,Maruti,Grand Vitara,2,15088.0
CNG,Manual,190000,136931,Maruti,Wagon R 1.0,11,11410.916666666666
Petrol,Manual,100000,173788,Toyota,Etios,15,10861.75
Petrol,Manual,218000,77621,Maruti,Wagon R 1.0,9,7762.1
Petrol,Manual,105000,52928,Renault,Kwid,10,4811.636363636364
Diesel,Manual,700000,86423,MG,HECTOR,7,10802.875
CNG,Manual,145000,93919,Maruti,Wagon R 1.0,13,6708.5
CNG,Manual,238000,82955,Maruti,Wagon R 1.0,10,7541.363636363636
Petrol,Manual,97000,42036,Datsun,Redi Go,9,4203.6
CNG,Manual,130000,172952,Maruti,Wagon R 1.0,13,12353.714285714286
Petrol,Manual,621000,89595,Hyundai,Creta,8,9955.0
CNG,Manual,220000,90373,Maruti,Alto 800,9,9037.3
Petrol,Manual,264000,65172,Maruti,Ciaz,9,6517.2
CNG,Manual,290000,39064,Maruti,Alto K10,7,4883.0
Petrol,Manual,725000,35555,MG,ASTOR,5,5925.833333333333
Petrol,Manual,155000,129694,Honda,City,14,8646.266666666666
Diesel,Manual,740000,103334,Mahindra,XUV300,5,17222.333333333332
CNG,Manual,190000,170611,Maruti,Wagon R 1.0,10,15510.09090909091
Petrol,Manual,390000,72861,Renault,TRIBER,6,10408.714285714286
Diesel,Manual,73000,165686,Chevrolet,Beat,12,12745.076923076924
CNG,Manual,141000,70766,Maruti,Wagon R 1.0,13,5054.714285714285
CNG,Manual,670000,38825,Honda,City,6,5546.428571428572
Petrol,Manual,145000,120065,Tata,Bolt,12,9235.76923076923
Petrol,Manual,550000,93004,Skoda,SLAVIA,4,18600.8
Petrol,Manual,173000,63436,Maruti,Alto 800,11,5286.333333333333
CNG,Manual,175000,111874,Maruti,Wagon R 1.0,13,7991.0
Petrol,Missing Transmission,310000,111301,Maruti,Celerio,9,11130.1
Petrol,Manual,442000,79091,Hyundai,GRAND I10 NIOS,3,19772.75
Petrol,Manual,140000,73804,Hyundai,i20,13,5271.714285714285
Petrol,Manual,92000,60955,Hyundai,i20,15,3809.6875
CNG,Manual,110000,82109,Hyundai,i20,14,5473.933333333333
Petrol,Manual,137000,71642,Renault,Kwid,10,6512.909090909091
Petrol,Manual,621000,120952,KIA,SONET,5,20158.666666666668
CNG,Manual,370000,77239,Maruti,Baleno,7,9654.875
Petrol,Manual,290000,113422,Maruti,Wagon R 1.0,8,12602.444444444445
CNG,Manual,170000,133787,Maruti,Wagon R 1.0,13,9556.214285714286
Petrol,Manual,86000,55787,Datsun,Redi Go,10,5071.545454545455
Petrol,Manual,139000,82956,Maruti,Alto 800,12,6381.2307692307695
Petrol,Manual,95000,72992,Hyundai,i10,15,4562.0
Petrol,Manual,350000,46846,Maruti,Ertiga,14,3123.0666666666666
CNG,Manual,270000,144892,Hyundai,Grand i10,11,12074.333333333334
Petrol,Manual,281000,78488,Honda,Amaze,12,6037.538461538462
CNG,Manual,434999,133345,Hyundai,Creta,11,11112.083333333334
Petrol,Manual,214000,85531,Maruti,Wagon R 1.0,12,6579.307692307692
Petrol,Manual,170000,108623,Maruti,Wagon R 1.0,13,7758.785714285715
CNG,Manual,200000,121293,Maruti,Swift,12,9330.23076923077
Diesel,Manual,270000,80009,Maruti,Ertiga,14,5333.933333333333
Petrol,Manual,422000,57755,Maruti,IGNIS,5,9625.833333333334
Petrol,Missing Transmission,2240000,25816,Mahindra,XUV700,1,12908.0
Petrol,Manual,229999,36787,Maruti,Swift Dzire,12,2829.769230769231
Petrol,Manual,400000,32166,Tata,PUNCH,4,6433.2
Petrol,Manual,242000,55794,Honda,Brio,9,5579.4
Petrol,Manual,174000,126161,Maruti,Swift Dzire,14,8410.733333333334
CNG,Manual,208000,145371,Maruti,Swift Dzire,10,13215.545454545454
Petrol,Manual,150000,28662,Renault,Kwid,8,3184.6666666666665
Petrol,Manual,213000,81723,Maruti,Alto 800,10,7429.363636363636
Petrol,Manual,595000,49855,Maruti,Swift,3,12463.75
CNG,Manual,235000,73199,Tata,Tiago,9,7319.9
Petrol,Manual,580000,15749,Hyundai,GRAND I10 NIOS,1,7874.5
CNG,Manual,490000,60332,Hyundai,VENUE,7,7541.5
Diesel,Manual,599000,103076,Tata,Harrier,7,12884.5
Diesel,Manual,325000,153862,Renault,Duster,9,15386.2
Diesel,Manual,1190000,83636,Mahindra,SCORPIO CLASSIC,3,20909.0
Petrol,Manual,520000,14928,Tata,PUNCH,2,4976.0
Petrol,Manual,250000,49706,Tata,Tiago,10,4518.727272727273
Petrol,Manual,129000,87827,Renault,Kwid,10,7984.272727272727
Petrol,Manual,185000,30802,Tata,Tiago,10,2800.181818181818
Petrol,Manual,480000,52136,Hyundai,Verna,9,5213.6
CNG,Manual,213000,55154,Renault,Kwid,7,6894.25
CNG,Manual,200000,129714,Tata,Tiago,8,14412.666666666666
Petrol,Manual,234000,74392,Honda,Amaze,12,5722.461538461538
Petrol,Manual,250000,47369,Hyundai,Grand i10,12,3643.769230769231
Petrol,Manual,1150000,35742,Hyundai,Creta,3,8935.5
Petrol,Missing Transmission,240000,104054,Maruti,Wagon R 1.0,10,9459.454545454546
Petrol,Missing Transmission,294000,143993,Hyundai,Grand i10,10,13090.272727272728
CNG,Manual,131000,160212,Maruti,Wagon R 1.0,12,12324.0
CNG,Manual,180000,78545,Maruti,Wagon R 1.0,12,6041.923076923077
Petrol,Manual,180000,59677,Hyundai,i10,11,4973.083333333333
Diesel,Manual,570000,75904,Tata,ALTROZ,3,18976.0
Diesel,Manual,575000,61490,Mahindra,XUV500,8,6832.222222222223
CNG,Manual,110000,71297,Maruti,Alto K10,12,5484.384615384615
Petrol,Manual,240000,88140,Hyundai,Grand i10,12,6780.0
CNG,Manual,160000,159050,Maruti,Wagon R 1.0,13,11360.714285714286
Petrol,Manual,129000,51725,Honda,Brio,13,3694.6428571428573
Petrol,Manual,214000,151857,Honda,City,13,10846.92857142857
CNG,Manual,202000,142785,Maruti,Wagon R 1.0,12,10983.461538461539
CNG,Manual,236000,71560,Maruti,Alto K10,8,7951.111111111111
Petrol,Manual,180000,188593,Maruti,Wagon R 1.0,10,17144.81818181818
Petrol,Manual,425000,102092,Tata,NEXON,7,12761.5
Petrol,Manual,148000,68355,Maruti,Swift,14,4557.0
Petrol,Missing Transmission,459999,64249,Tata,NEXON,5,10708.166666666666
CNG,Manual,450000,61223,Hyundai,Elite i20,7,7652.875
Petrol,Manual,170000,77732,Nissan,Micra Active,8,8636.888888888889
CNG,Manual,130000,218340,Maruti,Wagon R 1.0,13,15595.714285714286
Petrol,Manual,175000,108669,Honda,Amaze,13,7762.071428571428
Petrol,Missing Transmission,225999,22390,Maruti,Alto K10,11,1865.8333333333333
Petrol,Manual,130000,35278,Maruti,Wagon R 1.0,13,2519.8571428571427
CNG,Manual,250000,106011,Maruti,Wagon R 1.0,11,8834.25
Diesel,Manual,450000,33443,Hyundai,Verna,9,3344.3
